Porter, s.— Dwdrpdl, M utiyd— Tho^sa^ba, Potpuba lagfaba
Portico, s.—Bdrdndu—Manggol, Laikhal
Portion, s.—Angsha—Machet, Saruk
Pdrtly, a.—Sarup-bi'hishta —Chausangba, M irik mithumna uba
Portmanteau, a Chummier hhyudra siiuluk—-Sav. ui gi vipd madia
Portrait, s.—Murtimdn chhaU —Manuk man-on tumna yekpn
Portray, a.— Chhabi lekhan—Maweg matau yekpa
Pose, v,— Prushnete thtkaiyd deon—Khumnuyai laihdnduba, Nip mSn
thatna haebtt
Position, a.—Sthdrt, Sthiti, BkU r.siddha kathd— Laipham, Laiba marsi,
Wawon na thokpa
Positive, a.—A isiichuy, Sdroddtcdr, Ekguny*S—Leppa, Pukni^ leppa, Niyaikalka
__
n
<SLP o s i t i v e l y , a d . — Nishchay-rupe— * A r e p p a m a k , M a t o i b a m a k
P o s s e s s , v . — Adhikdrih. — M a p u w o i b a , L o i b a , K h u d d m d a l a i b a , L a i b a
P o s s e s s in g a t t r i b u t e s , — Sugun— G u l l a i b a
P o s s e s s in g f o r m , — Murtimanta— M a w o u n a i b a
P o s s e s s in g i n t e l l i g e n c e ,—Sachailanya —Lmsing l a u m a l la i b a
P o s s e s s in g t a s t e , — Rasagnya— l t o s k b a n b a
P o s s e s s e d , a .— Bhutgranta— L a i n a p h d b a
P o s s e s s e d o f , — A'panna— L o i j a b a , L a i b a
P o s s e s s io n , s .— Adhikdr— K h i u l u m c h a lb a , L a i b a , K h u d d m d a l a i b a
Possession o f s e n s e s ,— Bodhddhikdi— L o u s i n g l a i r i b a
E n j o y p o s s e s s io n ,—lihog k. — M a h a e c h a b a
Possessor, s.—Adhikdri—Mapu
Possibility, s.—Sambhabannjntwa—H'oiba yaba, Woiba nnmba
Possible, a.— Sddhya, Sambhabanrya — Woiba ydba, Woiba namba
Possibly, ad.— Haite pare, Jatlidsddhya—Woiba yai, Woiphai
' p ost) g — Ddk, Fad, K hunti-D & k, Pham, Uyung
Postman, s.—Bakoydld—Dakchatpa mi
Postage, s.— Baker mdeul—Lairik piiba gi mamal
Posterior, a.—Uttar, Pashchdt— T ung gi woiba
Posteriors, s.—Nitamba desk— Ninjol
Posterity, s.— Sant an santuti, Bangsha—Macha masu
Post-hdste,— Daurd dauri—Ho ha lauba
Postmaster-General, s— p ik er pradhin adhyakhya— Dak pannaba
npamba
Postpone, v.— Sthakit rdkhan, Maukuph k., Thdki deon— Yaethokpa,
Mutam yaethokpa
Postscript, s.— Kror paffd—-Taptuna iba wa
Posture, s.— Sharirer Lhangi, Sthili, Abusthd —Hakckang mapd, Laiba
marai, Thauwop, Wawon
Pot, s.— Hdnrl, Pdtra—Phu, Chaphu
Potdto, s.—A'lu— A lu , , , ,
Potent, a.—Pardkmtiii— Pdnggalba, Khutkal-pdnggal chauba
Potentate, s.—M ahdrdji— Ningthau
Potion, s.— Pdniya aushad— Uahi lapba hitdk, Ydwum
Potsherd, 8.—Khold—Maku marang
Potter, s.—Kumbhakdr—Phusaba
Pouch, s.— Khyudra thaliyd—Kbau
Poverty, s.— Daridratd —Lairaba
Poultice, s.—Pdchak pratep—A ndbada thomnaba hitdk
Poultry, s.—G-riha pdlita palthyi—^ imuchek
Pounce, v.— ChhoQ mrkvn—Khangldk lakpa
Pound, s.—A'dhser, M udrd-bishcshSer makhae
% c 2
1Q5
?(S): <SL
19b*
P o u n d , v .—Gunrd k.— S u b a
P o u r , v . — Dhdiun— H a e t h a b a
P o w d e r , s . — Gunrd, Bdrud— U p h u l , M a k u p , N o n g m a e h i t a k
P o w e r , a.— Khyanmtd, Bikram, Prabhdb, PPcitdp—f jl a m b a , P a n g g a i
P o w e r o f c o m p r e h e n s i o n , — Bodhddhikdr— K h a n b a n n m b a
P o w e r f u l , a .— Khyamatdpanna, Prabal, Saprabhdb, Bihrdntn, Praia.
pdnwita—l ’ a n g g a l c l ia u b a , M a t i k c b a u b a
P r a c t i c a b l e , a .— Sddhya— T a u b a n a m b a
P r a c t i c a l , a . — Byababdr-Sishayak— M a s i l w o i n a t a u b a
P r a c t i c e , s .— Byubuhdr, Chdli— H a n n a h a n n a t a u b a , T a u b a , H a o n a b a
P r a c t i c e m a k e s p e r f e c t , — Karite karile karmme pulu—l \ a n n a h a n n a
t a u r a g a c h a n k h o n n a h a i
P r a c t i s e , v .—Byabahdre dnayan— S i n s a n g w o i n a t a u b a , M a s i l w o i n a
t a u b a
P r a g m a t i c a l , — Parddhikdr.charchalc— M a s i l n a t t u b a d a v a l b a
P r a i s e , s.— Gunduubdd— T h a k h a t p a , M a t i k t h a k h a t p a , M a t i k m a n a l
t h k b a
P r a i s e , v . __ Prashangsd k. — M a t i k m a n a l t l i a b u , T h a k h a t p a
P r a i s e d , p a .— Prnshangsita— T h a k b a t l a b a
P r a i s e w o r t h y , a .— P r o a A o i ^ w n f y o — T h t f t h a t n a g a t a b a w o i b a
Prance, v.—Kundan—ThrAn phran chongba
P r a n k , s.—Krird, Pdguldmi- ^ f a o k h e b a g i t b a b a k
P r a t e . v.—Bakbak k. — P r e k p r e k n a u b a
P r a t t l e , n.—Gulpa, Bakbaki— N a p n a s a n n a b a
P r a w n , s.—Chingri niatsya— N a c h i n g
p ray) v . __ Prdrthand k.— T h a u u i b a , L a i k h u r u m b a , L a i s o l b a , H a e j a b a
P r a y e r , s.__ Prdrthnnd— T h a u n i b a , F l p e j a b a , L a i k h u r u m b a , L d i s o l h a
P r e a c h , v . __ Dfmrmmopadesh deon, Ghethund k. - D h a r m o b u p i u t a k p i b a
P a u t d l q d h a
P r d a c h e r , s.— Dharmmopadeshak— D h a r m o b d t d k p i b a
P r e a m b l e , s.—Bhumikd, A bhdsh, Hetubdd—W i h a u t h o k
P r e c a r i o u s , a.—Anishchay, Jdhdr thikdud ndi— A r e p p a l a i t a b a , A w o i b a
n a i d a b a
P r e c a u t i o n , s .—Purbba sdbdhdn— N a k n a n a b a t h a u r a n
P r e c e d e , v .—Agragdmi h. — M a n t h a b a
P r e c e d e n c e , 9.— Ayragaman— M o n t h a b a , M a k o k p b a m b a
P r e c e d e n t , a , — Agragdmi—M a ^ t h A b a , M a 'n t h n m g b a
P r e c e d e n t , 3.—Pdrbbakdr ddarsha— M a n g i h a o n a b a
P r e c e d i n g , a —Purogdmi, Ayragata—Ma m S n g i
P r e c e p t , s ,—Bidfti, Upadesh, A'gnyd— H a o n a b a w d y e l , P a u t d k
P r e c d p t o r , s .— Upadunhuk— - T d k p i - t i k p i b a
Precious, tx.—Priya, Baluwn’ya-—Mumal luba, Aruba
Km <Sl
1 9 7
Precipice, e.—Parbbater pdr—Nungae
Precipitance, b.—Ati tward—Haba
Precipitate, v.— Glidr gunge paran bd phelan—Makok chap yungna
hunthabn
Precipitate, a.—Abibeki—Ababa
Precipitately, ad.— Sahasd— Mhkok mamae khandana, Inphing phingna
Precipitation, s.—Abibechila tward, Pramattatd—Haba, Phingba
Precise, a__Thik, Jathdbidhi—*Chap chaba, Cheksilba, Makup taba
Preclude, v.—Bahishkaran—Tokhalba, Thingba, Khatthokpa
Preconceive, v.— lyre upalabdhi pdon—Manjaonana ninba
Preconce'ption, s.—Agre upalabdhi—Manjaonana ninba
P r e d e c e s s o r , s.—Purhbu adhikdrl,Purbba punish—Magthangna woirmnba
Predestinate, v.—Purbbe nirddhdrita ft.—Man da nongdamba
Predicament, s.—Durabasthd—Khudongthiba
Predict, v.—Bhabishyat kalian—W oirakkataba bu haeba
Prediction, s.—Bhubishyadbdni—W oirakkataba bd haeba
Predominate, v,— PradMn h., Prabat ft.—Helba, Kaiba, Thoiba
Predominance, s.— Prdbalya— Ilelba, Kaiba, Thoiba
Pre-eminence, s.—Prddhdnyii— Helba, Thoiba
Pre-eminent, a.—Barishtha, Sarbbu-shrcsbtu—Thoithok-henthokpa
Pre-existence, s.— Purbbajiban—Hannana lniba, Mapda woiba
Preface, s.—Bhumikd, A'bhdsh— tPfthantlibk
Preface, v.—Bh.Unikd kathan— W ihaothok haeba
Prefer, v.— Shrnjognydn lc., Nibedan k. Unuali pdon—Henna pamba,
Athoiba ne haena ninba, Chauhalba
Preferable, a.—Shreyah— Pftng&taba woiba, Henna paingataba
Preferment, s.— Uchcha pad prdpan—Pbam chaukhatpa
Prefix, s.—Purdb.sthapan—Man da wa loiba
Pregnant, a.—Garbhabuti—Mahak solba, Mapuk kangba
Prejudice, s.—N d dekhiyd nd shuniyd manda gnyan kuran, Kusangskdr,
Khyuti—Wawc.n khandana phattana niyba, Mayeng taba
Prejudicial, a.—Khguti.januk, Anishtukdn—Mayeng tananabu, Phattaba
woinannba
Preliminary, s.—Anushthdn—Man gi thnuran
Preliminary, a.—Agriya— Man gi woiba
Prelude, s.—Lakhyan, Upakram— Haukbatpa, Taukbatpa
Premature, a.— Apurna samayer— ^ lalmalba
Premium, s.— Pdriioshik, Dhardt— Mana, Ydnnaba piba
Premise, v.—Bhiimikd ft.—Wa haulhokpa
Premises s.—B/uimikar kathd,Ghar.dwdr—Hauthokpawa, Yimkae,Ko!
Premeditate, v.—A'ge mane mane thdhardn—Mapuk ta hauna lanba
Prepare, v.— Prastut ft,—Semba, Thaurau lauba
' Go^X t(I)| <SLX^y . .\'?^/ 1 9 3
Preparation, s. —A'ytjan, Prastut haoi/d, A'rambar—Semba, fhauran
Preponderate, v.—Adhik bhdri h., Adkikdngsha ft.— Henna lumba, Henna
ldba, Henna yfitnba
Preposition, s.—Abyay shabda—Byakaran gi lol amft
Prepossess, v.— A'ge bibechand lcariyd gnydn ft.— Manung khandrinae na
wakhal tauba
Prepossessing address,—PriyaM ad—Pbakdba da channinnn dhalba
machat
Preposterous, a.—Amngata, Anarthalt—Matron cMdaba
Prerogative, s.—Asddhdran khyamatd—A