en,mni-Mtei
skills,ꯍꯩ ꯁꯤꯡꯕ
Schizoid,ꯁ꯭ꯀꯤꯖꯣꯏꯗ ꯑꯣꯏꯕꯥ ꯌꯥꯏ꯫
person,ꯃꯤ
will,ꯋꯤꯜ .
not,ꯅꯠꯇꯕ
complain,ꯋꯥꯀꯠꯄ
against,ꯃꯥꯏꯌꯣꯛꯇ
you,ꯑꯗꯣꯝ
as,ꯑꯣꯏꯅ
a,ꯑꯃ
doctor,ꯗꯥꯛꯇꯔ
(opposite,(ꯑꯣꯟꯅ ꯇꯩꯅꯕ
to,ꯒꯤ ꯃꯇꯨꯡ ꯏꯟꯅꯥ .
the,ꯒꯤ ꯃꯇꯨꯡ ꯏꯟꯅꯥ .
paranoid),ꯄꯦꯔꯥꯅꯣꯏꯗ) ꯑꯃꯁꯨꯡ ꯑꯦꯝ.
Their,ꯃꯈꯣꯏꯒꯤ
silence,ꯇꯨꯃꯤꯟꯅ ꯂꯩꯌꯨ
doesn’t,ꯅꯠꯇꯕ
mean,ꯍꯥꯏꯕꯗꯤ
they’re,ꯃꯈꯣꯌ’ꯅꯤ꯫
okay,ꯑꯣꯀꯦ
or,ꯅꯠꯇ꯭ꯔꯒ
"good,","ꯑꯐꯕ,"
always,ꯃꯇꯝ ꯄꯨꯝꯕꯗ
pay,ꯁꯦ ꯄꯤꯕ
attention,ꯄꯨꯛꯅꯤꯡ ꯆꯤꯡꯁꯤꯟꯕ
to,ꯒꯤ ꯃꯇꯨꯡ ꯏꯟꯅꯥ .
this,ꯃꯁꯤ
Odd,ꯇꯣꯉꯥꯟꯅ ꯇꯥꯕ
patterns,ꯄꯦꯇꯔꯅꯁꯤꯡ .
"thinking,","ꯋꯥꯈꯜ ꯈꯅꯕꯥ, ."
"speech,","ꯋꯥꯉꯥꯡ,"
"belief,","ꯊꯥꯖꯕ,"
behavior,ꯂꯤꯆꯠ ꯁꯥꯖꯠ
or,ꯅꯠꯇ꯭ꯔꯒ
appearance,ꯃꯄꯥꯟꯊꯣꯡꯗ ꯎꯕ
compared,ꯆꯥꯡꯗꯝꯅꯕꯥ ꯌꯥꯕꯥ .
to,ꯒꯤ ꯃꯇꯨꯡ ꯏꯟꯅꯥ .
the,ꯒꯤ ꯃꯇꯨꯡ ꯏꯟꯅꯥ .
social,ꯈꯨꯟꯅꯥꯏ
"norms,","ꯅꯣꯔꯃꯁꯤꯡ, ."
unusual,ꯇꯣꯏꯅ ꯊꯣꯛꯇꯕ
perceptual,ꯄꯔꯁꯦꯄꯆꯨꯌꯦꯜ ꯑꯣꯏꯕꯥ .
experiences,ꯑꯦꯛꯁꯄꯤꯔꯤꯌꯦꯟꯁꯁꯤꯡ .
bodily,ꯕꯣꯗꯤꯂꯤ .
"illusions),","ꯏꯂꯨꯁꯅꯁꯤꯡ), ꯑꯃꯁꯨꯡ ꯑꯦꯝ."
superstitious,ꯑꯔꯥꯅꯕꯥ ꯊꯥꯖꯕꯥ ꯌꯥꯕꯥ .
thinking,ꯋꯥꯈꯜ ꯈꯅꯕꯥ .
or,ꯅꯠꯇ꯭ꯔꯒ
claim,ꯏꯁꯥꯒꯤꯅꯤ ꯇꯥꯛꯄ
powers,ꯄꯥꯋꯔꯁꯤꯡ .
"clairvoyance,","ꯀ꯭ꯂꯦꯏꯔꯚꯣꯌꯦꯟꯁ, ꯴."
and,ꯑꯃꯁꯨꯡ
Idea,ꯋꯥꯈꯜ
reference,ꯆꯥꯡꯗꯝꯅꯕ
International,ꯃꯥꯂꯦꯝꯒꯤ ꯑꯣꯡꯕ
European,ꯌꯨꯔꯣꯄꯤꯌꯅꯒꯤ ꯌꯨ.ꯑꯦꯁ.
Academy,ꯑꯦꯀꯥꯗꯦꯃꯤ ꯑꯁꯤ ꯑꯦꯝ.ꯑꯦꯁ.ꯑꯦꯝ.ꯏ.
classification,ꯀ꯭ꯂꯥꯁꯤꯐꯤꯀꯦꯁꯟ ꯇꯧꯕꯥ
considers,ꯀꯟꯁꯤꯗꯔ ꯇꯧꯕꯥ
it,ꯃꯁꯤ
type,ꯃꯈꯜ
"schizophrenia,","ꯁ꯭ꯀꯤꯖꯣꯐ꯭ꯔꯦꯅꯤꯌꯥ, ꯑꯃꯁꯨꯡ ꯑꯦꯟ."
however,ꯑꯗꯨꯝ ꯑꯣꯏꯅꯃꯛ
American,ꯑꯃꯦꯔꯤꯀꯥꯒꯤ ꯑꯣꯏꯕꯥ ꯌꯨ.ꯑꯦꯁ.
and,ꯑꯃꯁꯨꯡ
Canadian,ꯀꯅꯥꯒꯨꯝꯕꯥ ꯑꯃꯒꯤ ꯃꯐꯃꯗꯥ ꯂꯩꯕꯥ꯫
classification,ꯀ꯭ꯂꯥꯁꯤꯐꯤꯀꯦꯁꯟ ꯇꯧꯕꯥ
still,ꯂꯪꯡꯗꯕ
consider,ꯈꯅꯅꯁꯤ
it,ꯃꯁꯤ
a,ꯑꯃ
type,ꯃꯈꯜ
PD,ꯄꯤ.ꯗꯤ.
Differential,ꯗꯤꯐꯦꯟꯁꯔꯤ ꯑꯣꯏꯕꯥ ꯌꯥꯏ꯫
Diagnosis,ꯗꯥꯏꯑꯦꯒ꯭ꯅꯣꯁꯤꯁ ꯇꯧꯕꯥ
Other,ꯑꯇꯣꯞꯄ
personality,ꯃꯤꯑꯣꯏ ꯑꯃꯒꯤ ꯃꯇꯤꯛ ꯃꯒꯨꯟ
disorders,ꯗꯤꯁꯑꯣꯔꯗꯔꯁꯤꯡ ꯑꯁꯤ .
and,ꯑꯃꯁꯨꯡ
psychotic,ꯁꯥꯏꯀꯣꯇꯤꯛ ꯑꯣꯏꯕꯥ .
disorders,ꯗꯤꯁꯑꯣꯔꯗꯔꯁꯤꯡ ꯑꯁꯤ .
Coping,ꯀꯣꯄꯤꯡ ꯇꯧꯕꯥ
style,ꯃꯑꯣꯡ
Guarded,ꯉꯥꯀꯁꯦꯅꯕꯤꯕꯥ
and,ꯑꯃꯁꯨꯡ
protective,ꯄ꯭ꯔꯣꯇꯦꯛꯇꯤꯕ ꯑꯣꯏꯕꯥ .
their,ꯃꯈꯣꯏꯒꯤ
"autonomy,","ꯑꯣꯇꯣꯅꯣꯃꯤ, ꯳."
often,ꯇꯠꯇꯅ
with,ꯂꯣꯏꯅꯅ
arrogant,ꯃꯤ ꯎꯁꯤꯠꯇꯕ
belief,ꯊꯥꯖꯕ
in,ꯏꯟ ꯲꯰꯲꯰ꯗꯥ ꯑꯥꯏ.ꯑꯦꯟ.
their,ꯃꯈꯣꯏꯒꯤ
own,ꯏꯁꯥꯒꯤ ꯑꯣꯏꯕ
superiority,ꯁꯨꯄꯔꯤꯌꯔ ꯑꯣꯏꯕꯥ .
Inner,ꯅꯨꯡꯒꯤ ꯑꯣꯏꯕꯥ .
world,ꯃꯥꯂꯦꯝ
insulated,ꯏꯅꯁꯨꯂꯦꯠ ꯇꯧꯕꯥ
from,ꯗꯒꯤ
others,ꯑꯇꯣꯞꯄꯁꯤꯡꯅꯥ ꯑꯦꯝ.ꯑꯦꯁ.ꯑꯦꯝ.ꯏ.
Defense,ꯗꯤꯐꯦꯟꯁ ꯇꯧꯕꯥ
Mechanisms,ꯃꯦꯀꯥꯅꯤꯖꯃꯁꯤꯡ ꯑꯁꯤ ꯑꯦꯝ.ꯑꯦꯁ.ꯑꯦꯝ.ꯏ.
Splitting:,ꯁ꯭ꯞꯂꯤꯇꯤꯡ ꯇꯧꯕꯥ: ꯱.
Self,ꯝꯁꯥꯒꯤ
and,ꯑꯃꯁꯨꯡ
others,ꯑꯇꯣꯞꯄꯁꯤꯡꯅꯥ ꯑꯦꯝ.ꯑꯦꯁ.ꯑꯦꯝ.ꯏ.
are,ꯑꯁꯤ .
seen,ꯎꯈ꯭ꯔꯦ
as,ꯑꯣꯏꯅ
all,ꯄꯨꯝꯅꯃꯛ
good,ꯑꯐꯕ
or,ꯅꯠꯇ꯭ꯔꯒ
all,ꯄꯨꯝꯅꯃꯛ
bad,ꯐꯠꯇꯕ
Denial:,ꯂꯥꯟꯅꯥ ꯂꯧꯕꯥ:
Refusal,ꯔꯤꯐ꯭ꯌꯨꯖ ꯇꯧꯕꯥ
to,ꯒꯤ ꯃꯇꯨꯡ ꯏꯟꯅꯥ .
admit,ꯌꯥꯖꯕ
painful,ꯄꯦꯏꯟ ꯇꯧꯕꯥ
realities,ꯔꯤꯑꯦꯂꯤꯇꯤꯁꯤꯡ .
Projection:,ꯄ꯭ꯔꯣꯖꯦꯀꯁꯟ ꯇꯧꯕꯥ: ꯱.
Ascribe,ꯑꯦꯁ꯭ꯛꯔꯤꯕ ꯇꯧꯕꯥ
to,ꯒꯤ ꯃꯇꯨꯡ ꯏꯟꯅꯥ .
others,ꯑꯇꯣꯞꯄꯁꯤꯡꯅꯥ ꯑꯦꯝ.ꯑꯦꯁ.ꯑꯦꯝ.ꯏ.
one's,ꯋꯥꯅꯒꯤ .
own,ꯏꯁꯥꯒꯤ ꯑꯣꯏꯕ
impulses,ꯏꯝꯄꯂꯁꯁꯤꯡ .
Projective,ꯄ꯭ꯔꯣꯖꯦꯛꯇ ꯇꯧꯕꯥ ꯌꯥꯕꯥ .
identification:,ꯃꯁꯛ ꯈꯉꯗꯣꯀꯄꯥ:
Project,ꯊꯕꯛ ꯑꯆꯧꯕ
one's,ꯋꯥꯅꯒꯤ .
impulses,ꯏꯝꯄꯂꯁꯁꯤꯡ .
plus,ꯄ꯭ꯂꯁ ꯳.
control,ꯂꯥꯛꯁꯤꯟꯕ
others,ꯑꯇꯣꯞꯄꯁꯤꯡꯅꯥ ꯑꯦꯝ.ꯑꯦꯁ.ꯑꯦꯝ.ꯏ.
as,ꯑꯣꯏꯅ
a,ꯑꯃ
way,ꯂꯝꯕꯤ
to,ꯒꯤ ꯃꯇꯨꯡ ꯏꯟꯅꯥ .
control,ꯂꯥꯛꯁꯤꯟꯕ
one's,ꯋꯥꯅꯒꯤ .
own,ꯏꯁꯥꯒꯤ ꯑꯣꯏꯕ
impulses,ꯏꯝꯄꯂꯁꯁꯤꯡ .
Splitting:,ꯁ꯭ꯞꯂꯤꯇꯤꯡ ꯇꯧꯕꯥ: ꯱.
Self,ꯝꯁꯥꯒꯤ
and,ꯑꯃꯁꯨꯡ
others,ꯑꯇꯣꯞꯄꯁꯤꯡꯅꯥ ꯑꯦꯝ.ꯑꯦꯁ.ꯑꯦꯝ.ꯏ.
are,ꯑꯁꯤ .
seen,ꯎꯈ꯭ꯔꯦ
as,ꯑꯣꯏꯅ
all,ꯄꯨꯝꯅꯃꯛ
good,ꯑꯐꯕ
or,ꯅꯠꯇ꯭ꯔꯒ
all,ꯄꯨꯝꯅꯃꯛ
bad,ꯐꯠꯇꯕ
Denial:,ꯂꯥꯟꯅꯥ ꯂꯧꯕꯥ:
Refusal,ꯔꯤꯐ꯭ꯌꯨꯖ ꯇꯧꯕꯥ
to,ꯒꯤ ꯃꯇꯨꯡ ꯏꯟꯅꯥ .
admit,ꯌꯥꯖꯕ
painful,ꯄꯦꯏꯟ ꯇꯧꯕꯥ
realities,ꯔꯤꯑꯦꯂꯤꯇꯤꯁꯤꯡ .
Isolation,ꯑꯥꯏꯁꯣꯂꯦꯁꯟ ꯇꯧꯕꯥ
affect:,ꯁꯣꯛꯍꯟꯕ:
Thoughts,ꯋꯥꯈꯜꯁꯤꯡ
stored,ꯁ꯭ꯇꯣꯔ ꯇꯧꯔꯕꯥ .
without,ꯌꯥꯎꯗꯅ
emotion,ꯏꯃꯣꯁꯟ
Intellectualization:,ꯏꯟꯇꯦꯂꯦꯀꯆꯨꯑꯦꯜ ꯑꯣꯏꯕꯥ: ꯱.
Replace,ꯃꯍꯨꯠ ꯁꯤꯟꯕ
feelings,ꯐꯤꯜꯂꯤꯡꯁꯤꯡ .
with,ꯂꯣꯏꯅꯅ
facts,ꯋꯥꯔꯣꯜꯁꯤꯡ
Fantasy:,ꯐꯦꯟꯁꯤ: ꯱.
obtaining,ꯐꯪꯍꯅꯕꯥ ꯉꯝꯕꯥ .
gratification,ꯒ꯭ꯔꯦꯇꯤꯐꯤꯀꯦꯁꯅꯒꯤ ꯃꯇꯥꯡꯗꯥ ꯋꯥ ꯉꯥꯡꯈꯤ꯫
through,ꯈꯨꯊꯥꯡ
excessive,ꯑꯍꯦꯟꯕ ꯃꯇꯧ
daydreams,ꯅꯨꯃꯤꯠꯀꯤ ꯃꯉꯥꯂꯁꯤꯡ .
Regression:,ꯔꯤꯒ꯭ꯔꯦꯁꯟ ꯇꯧꯕꯥ:
Revert,ꯔꯤꯚꯥꯔꯠ ꯇꯧꯕꯥ
to,ꯒꯤ ꯃꯇꯨꯡ ꯏꯟꯅꯥ .
childlike,ꯑꯉꯥꯡ ꯑꯣꯏꯔꯤꯉꯩꯗꯥ
"thoughts,","ꯋꯥꯈꯜꯁꯤꯡ,"
"feelings,","ꯐꯤꯜꯂꯤꯡꯁꯤꯡ, ."
and,ꯑꯃꯁꯨꯡ
behaviors,ꯂꯃꯆꯠ-ꯁꯥꯖꯠꯁꯤꯡ .
Splitting:,ꯁ꯭ꯞꯂꯤꯇꯤꯡ ꯇꯧꯕꯥ: ꯱.
Self,ꯝꯁꯥꯒꯤ
and,ꯑꯃꯁꯨꯡ
others,ꯑꯇꯣꯞꯄꯁꯤꯡꯅꯥ ꯑꯦꯝ.ꯑꯦꯁ.ꯑꯦꯝ.ꯏ.
are,ꯑꯁꯤ .
seen,ꯎꯈ꯭ꯔꯦ
as,ꯑꯣꯏꯅ
all,ꯄꯨꯝꯅꯃꯛ
good,ꯑꯐꯕ
or,ꯅꯠꯇ꯭ꯔꯒ
all,ꯄꯨꯝꯅꯃꯛ
bad,ꯐꯠꯇꯕ
Denial:,ꯂꯥꯟꯅꯥ ꯂꯧꯕꯥ:
Refusal,ꯔꯤꯐ꯭ꯌꯨꯖ ꯇꯧꯕꯥ
to,ꯒꯤ ꯃꯇꯨꯡ ꯏꯟꯅꯥ .
admit,ꯌꯥꯖꯕ
painful,ꯄꯦꯏꯟ ꯇꯧꯕꯥ
realities,ꯔꯤꯑꯦꯂꯤꯇꯤꯁꯤꯡ .
Fantasy:,ꯐꯦꯟꯁꯤ: ꯱.
obtaining,ꯐꯪꯍꯅꯕꯥ ꯉꯝꯕꯥ .
gratification,ꯒ꯭ꯔꯦꯇꯤꯐꯤꯀꯦꯁꯅꯒꯤ ꯃꯇꯥꯡꯗꯥ ꯋꯥ ꯉꯥꯡꯈꯤ꯫
through,ꯈꯨꯊꯥꯡ
excessive,ꯑꯍꯦꯟꯕ ꯃꯇꯧ
daydreams,ꯅꯨꯃꯤꯠꯀꯤ ꯃꯉꯥꯂꯁꯤꯡ .
Patient,ꯈꯥꯡꯕ ꯀꯟꯕ
concerns,ꯀꯟꯁꯦꯟꯠꯔꯦꯁꯅꯁꯤꯡꯒꯤ ꯃꯇꯥꯡꯗꯥ ꯋꯥꯐꯝ ꯀꯌꯥ ꯊꯃꯈꯤ꯫
Exploitation,ꯑꯦꯛꯁꯞꯂꯣꯏꯇꯦꯁꯟ ꯇꯧꯕꯥ
and,ꯑꯃꯁꯨꯡ
betrayal,ꯊꯥꯖꯕꯥ ꯊꯝꯕꯥ
Violations,ꯋꯥꯌꯦꯜ ꯆꯠꯊꯕꯥ
privacy,ꯑꯔꯣꯟꯑꯊꯨꯞ
Exploration,ꯑꯦꯛꯁꯞꯂꯣꯔꯦꯁꯟ ꯇꯧꯕꯥ
oddities,ꯑꯆꯝꯕꯥ ꯋꯥꯐꯃꯁꯤꯡ .
Approach,ꯊꯧꯑꯣꯡ
to,ꯒꯤ ꯃꯇꯨꯡ ꯏꯟꯅꯥ .
Patient,ꯈꯥꯡꯕ ꯀꯟꯕ
Acknowledge,ꯁꯛꯈꯪꯕ
complaints,ꯀꯃꯞꯂꯦꯟꯇꯁꯤꯡ .
without,ꯌꯥꯎꯗꯅ
arguing,ꯑꯔꯒꯨꯏꯪ ꯇꯧꯕꯥ
and,ꯑꯃꯁꯨꯡ
honestly,ꯄꯨꯛꯆꯦꯜ ꯁꯦꯡꯅ
explain,ꯁꯟꯗꯣꯛꯅ ꯇꯥꯛꯄ
medical,ꯑꯅꯥ ꯂꯥꯏꯌꯦꯡꯒꯤ ꯃꯇꯥꯡ
illness,ꯑꯅꯥꯕ
Paranoid,ꯄꯦꯔꯥꯅꯣꯏꯗ ꯑꯣꯏꯕꯥ ꯌꯥꯏ꯫
personality:,ꯃꯤꯑꯣꯏ ꯑꯃꯒꯤ ꯃꯇꯤꯛ ꯃꯒꯨꯟ:
When,ꯀꯔꯝꯕ ꯃꯇꯝꯗ
you,ꯑꯗꯣꯝ
have,ꯂꯩꯕꯥ ꯌꯥꯏ ꯫
a,ꯑꯃ
paranoid,ꯄꯦꯔꯥꯅꯣꯏꯗ ꯑꯣꯏꯕꯥ ꯌꯥꯏ꯫
patient,ꯈꯥꯡꯕ ꯀꯟꯕ
always,ꯃꯇꯝ ꯄꯨꯝꯕꯗ
document!,ꯆꯦ ꯆꯥꯡ!
And,ꯑꯃꯁꯨꯡ
don’t,ꯇꯧꯅꯨ
sign,ꯈꯨꯠꯌꯦꯛ ꯄꯤꯕ
on,on ꯒꯤ ꯃꯊꯛꯇꯥ ꯂꯩꯕꯥ꯫
anything,ꯑꯃ ꯍꯦꯛꯇ
until,ꯐꯥꯑꯣꯕ
you,ꯑꯗꯣꯝ
know,ꯈꯪꯕ
the,ꯒꯤ ꯃꯇꯨꯡ ꯏꯟꯅꯥ .
consequences,ꯃꯍꯩ
They,ꯃꯈꯣꯏ
like,ꯄꯥꯝꯕ
to,ꯒꯤ ꯃꯇꯨꯡ ꯏꯟꯅꯥ .
sue,ꯁꯨꯏ ꯴.
Accept,ꯌꯥꯕ
his,ꯃꯍꯥꯛꯀꯤ
unsociability,ꯑꯅꯁꯣꯁꯤꯑꯦꯕꯤꯂꯤꯇꯤ ꯂꯩꯕꯥ .
and,ꯑꯃꯁꯨꯡ
need,ꯄꯥꯝꯕ
for,ꯒꯤꯗꯃꯛ ꯑꯦꯟ.ꯗꯤ.ꯑꯦ.
privacy,ꯑꯔꯣꯟꯑꯊꯨꯞ
Reduce,ꯍꯟꯊꯕ
the,ꯒꯤ ꯃꯇꯨꯡ ꯏꯟꯅꯥ .
patient's,ꯄꯦꯁꯦꯟꯇꯀꯤ ꯑꯦꯟ.ꯗꯤ.ꯑꯦ.
isolation,ꯑꯥꯏꯁꯣꯂꯦꯁꯟ ꯇꯧꯕꯥ
as,ꯑꯣꯏꯅ
tolerated,ꯇꯦꯂꯔ ꯇꯧꯕꯥ
Empathize,ꯏꯝꯄꯥꯇꯤꯖ ꯇꯧꯕꯥ
with,ꯂꯣꯏꯅꯅ
the,ꯒꯤ ꯃꯇꯨꯡ ꯏꯟꯅꯥ .
patient's,ꯄꯦꯁꯦꯟꯇꯀꯤ ꯑꯦꯟ.ꯗꯤ.ꯑꯦ.
oddities,ꯑꯆꯝꯕꯥ ꯋꯥꯐꯃꯁꯤꯡ .
without,ꯌꯥꯎꯗꯅ
confrontation,ꯀꯟꯐ꯭ꯔꯟꯇꯦꯁꯟ ꯇꯧꯕꯥ
Treatment,ꯂꯥꯏꯌꯦꯡꯕ
Psychotherapy,ꯁꯥꯏꯀꯣꯊꯦꯔꯥꯄꯤ ꯇꯧꯕꯥ ꯌꯥꯏ꯫
Antipsychotics,ꯑꯦꯟꯇꯤꯁꯥꯏꯀꯣꯇꯤꯀꯁꯤꯡ .
olanzapine,ꯑꯣꯂꯥꯟꯖꯥꯄꯤꯟ .
10,꯱꯰ ꯑꯃꯁꯨꯡ ꯱꯰.
mg),ꯑꯦꯝ.ꯖꯤ.) ꯑꯃꯁꯨꯡ ꯑꯦꯝ.ꯖꯤ.
433  Psychiatry  Team,꯴꯳꯳ꯒꯤ ꯁꯥꯏꯀꯤꯌꯥꯠꯔꯤ ꯇꯤꯝ
Personality  Disorders,ꯄꯔꯁꯣꯅꯦꯂꯤꯇꯤ ꯗꯤꯁꯑꯣꯔꯗꯔꯁꯤꯡ .
7,꯷ ꯑꯃꯁꯨꯡ ꯷.
P a g e,ꯄꯤ ꯑꯦ ꯖꯤ ꯏ .
Cluster,ꯃꯄꯩ
B,ꯕꯤ .
Type/,ꯃꯈꯜ/
Comparison,ꯆꯥꯡꯗꯝꯅꯕ
1),꯱) ꯑꯃꯁꯨꯡ ꯑꯦꯟ.
Borderline,ꯕꯣꯔꯗꯔꯂꯥꯏꯟ
Personality,ꯃꯤꯑꯣꯏ ꯑꯃꯒꯤ ꯃꯇꯤꯛ ꯃꯒꯨꯟ
Disorder,ꯗꯤꯁꯑꯣꯔꯗꯔ ꯂꯩꯕꯥ꯫
(BPD),(ꯕꯤ.ꯄꯤ.ꯗꯤ.)
”important”,"""ꯃꯔꯨ ꯑꯣꯏꯕ"""
Features,ꯃꯑꯣꯡ ꯃꯇꯧ
Diagnostic,ꯗꯥꯏꯒ꯭ꯅꯣꯁ꯭ꯇꯤꯛ ꯑꯣꯏꯕꯥ .
criteria:,ꯃꯊꯧ ꯇꯥꯕ ꯍꯤꯔꯝ:
a,ꯑꯃ
pervasive,ꯄꯥꯔꯚꯥꯁꯤꯕ ꯑꯣꯏꯕꯥ .
pattern,ꯃꯑꯣꯡ ꯃꯇꯧ
instability,ꯇꯪꯗꯨ ꯂꯩꯇꯥꯗꯕꯥ .
in,ꯏꯟ ꯲꯰꯲꯰ꯗꯥ ꯑꯥꯏ.ꯑꯦꯟ.
a,ꯑꯃ
variety,ꯃꯈꯜ ꯃꯊꯦꯜ
"contexts,","ꯀꯟꯇꯦꯛꯁꯁꯤꯡ, ꯳."
as,ꯑꯣꯏꯅ
indicated,ꯇꯥꯀꯄꯥ .
by,ꯗ꯭ꯕꯥꯔꯥ .
≥,≥ ꯒꯤ ꯑꯣꯏꯕꯥ ꯌꯥꯏ꯫
5,꯵ ꯑꯃꯁꯨꯡ ꯵.
9;,꯹ ꯑꯃꯁꯨꯡ ꯑꯦꯟ.
1.Instability,꯱.ꯏꯟꯁꯇꯦꯕꯤꯂꯤꯇꯤ ꯂꯩꯕꯥ .
affective,ꯑꯦꯐꯦꯛꯇꯤꯕ ꯑꯣꯏꯕꯥ .
/,/ / ꯒꯤ ꯃꯇꯨꯡ ꯏꯟꯅꯥ ꯑꯦꯟ.
mood,ꯋꯥꯈꯜꯒꯤ ꯃꯇꯧ
"(e.g.,","(ꯈꯨꯗꯝ ꯑꯣꯏꯅꯥ, ."
intense,ꯀꯨꯡꯕ
"dysphoria,","ꯗꯤꯁꯐꯣꯔꯤꯌꯥ, ꯑꯃꯁꯨꯡ ꯑꯦꯟ."
irritability),ꯏꯔꯤꯇꯦꯕꯤꯂꯤꯇꯤ) ꯑꯃꯁꯨꯡ ꯑꯦꯝ.
2.Intense,꯲.ꯏꯟꯇꯦꯟꯁ ꯇꯧꯕꯥ ꯌꯥꯏ꯫
frequent,ꯌꯥꯝꯅ ꯇꯣꯏꯕ
inappropriate,ꯆꯥꯟꯅꯗꯕ
anger,ꯑꯁꯥꯎꯕ
outbursts,ꯑꯥꯎꯇꯕꯔꯁ꯭ꯠ ꯇꯧꯕꯥ
destructive,ꯃꯥꯡꯍꯟ ꯇꯥꯀꯍꯅꯕꯥ ꯌꯥꯕꯥ .
"behavior,","ꯂꯤꯆꯠ ꯁꯥꯖꯠ,"
fights),ꯂꯥꯟ) ꯴.
3.Instability,꯳.ꯏꯟꯁꯇꯦꯕꯤꯂꯤꯇꯤ ꯂꯩꯕꯥ .
interpersonal,ꯏꯟꯇꯔꯄꯔꯁꯣꯅꯦꯜ ꯑꯣꯏꯕꯥ .
relationships,ꯃꯔꯤ ꯂꯩꯅꯕꯥ ꯋꯥꯐꯃꯁꯤꯡ .
4.Impulsivity,꯴.ꯏꯝꯄꯨꯂꯁꯤꯕꯤꯇꯤ
with,ꯂꯣꯏꯅꯅ
potentially,ꯄꯣꯇꯦꯟꯁꯤꯌꯦꯜ ꯑꯣꯏꯅꯥ .
self-­‐damaging,ꯁꯦꯜꯐ-‐ꯗꯥꯃꯦꯖꯤꯡ ꯇꯧꯕꯥ
behavior,ꯂꯤꯆꯠ ꯁꯥꯖꯠ
"(e.g.,","(ꯈꯨꯗꯝ ꯑꯣꯏꯅꯥ, ."
substance,ꯄꯣꯠꯂꯝ
"abuse,","ꯆꯩꯕ,"
reckless,ꯆꯦꯛꯁꯤꯟꯗꯕ
"driving,","ꯗ꯭ꯔꯥꯏꯚꯤꯡ ꯇꯧꯕꯥ, ꯴."
sex),ꯁꯦꯛꯁ)
5.Recurrent,꯵.ꯍꯧꯖꯤꯛ ꯐꯥꯑꯣꯕꯥ
self-­‐mutilating,ꯁꯦꯜꯐ-‐ꯃ꯭ꯌꯨꯇꯤꯂꯦꯇꯤꯡ ꯇꯧꯕꯥ
/,/ / ꯒꯤ ꯃꯇꯨꯡ ꯏꯟꯅꯥ ꯑꯦꯟ.
suicidal,ꯁꯨꯏꯁꯥꯏꯗꯜ ꯑꯣꯏꯕꯥ ꯌꯥꯏ꯫
"behavior,","ꯂꯤꯆꯠ ꯁꯥꯖꯠ,"
"gestures,","ꯖꯤꯖꯔꯁꯤꯡ, ."
or,ꯅꯠꯇ꯭ꯔꯒ
threats,ꯊ꯭ꯔꯦꯠꯁꯤꯡ .
6.Unstable,꯶.ꯑꯅꯁ꯭ꯇꯦꯕꯜ ꯑꯣꯏꯕꯥ .
self-­‐image,ꯁꯦꯜꯐ-‐ꯏꯃꯦꯖ .
with,ꯂꯣꯏꯅꯅ
identity,ꯁꯛꯇꯥꯛ
disturbance,ꯗꯤꯁ꯭ꯇꯔꯕꯦꯟꯁ ꯇꯧꯕꯥ
7,꯷ ꯑꯃꯁꯨꯡ ꯷.
Chronic,ꯀ꯭ꯔꯣꯅꯤꯛ ꯑꯣꯏꯕꯥ .
feelings,ꯐꯤꯜꯂꯤꯡꯁꯤꯡ .
emptiness,ꯑꯝꯄꯥꯀꯄꯥ .
8.Efforts,꯸.ꯏꯐꯐꯣꯔꯇꯁꯤꯡ .
to,ꯒꯤ ꯃꯇꯨꯡ ꯏꯟꯅꯥ .
avoid,ꯊꯩꯗꯣꯛꯄ
abandonment,ꯊꯥꯗꯣꯀꯄꯥ ꯌꯥꯕꯥ .
9.Stress-­‐related,꯹.ꯁ꯭ꯠꯔꯦꯁ-‐ꯃꯔꯤ ꯂꯩꯅꯕꯥ
paranoid,ꯄꯦꯔꯥꯅꯣꯏꯗ ꯑꯣꯏꯕꯥ ꯌꯥꯏ꯫
ideation,ꯋꯥꯈꯜꯂꯣꯟ ꯑꯁꯤ ꯑꯥꯏ.ꯗꯤ.ꯏ.ꯑꯦ.
They,ꯃꯈꯣꯏ
may,ꯑꯣꯏꯕ ꯌꯥꯏ
suddenly,ꯈꯡꯍꯧꯗꯅ
shift,ꯍꯣꯛꯕ
from,ꯗꯒꯤ
anger,ꯑꯁꯥꯎꯕ
to,ꯒꯤ ꯃꯇꯨꯡ ꯏꯟꯅꯥ .
good,ꯑꯐꯕ
"mood,","ꯋꯥꯈꯜꯒꯤ ꯃꯇꯧ,"
they,ꯃꯈꯣꯏ
have,ꯂꯩꯕꯥ ꯌꯥꯏ ꯫
impulsive,ꯏꯝꯄꯂꯁꯤꯕ ꯑꯣꯏꯕꯥ ꯌꯥꯏ꯫
behavior,ꯂꯤꯆꯠ ꯁꯥꯖꯠ
with,ꯂꯣꯏꯅꯅ
minimal,ꯃꯤꯅꯤꯃꯝ ꯑꯣꯏꯕꯥ .
"trigger,","ꯀꯔꯤꯒꯨꯝꯕ ꯑꯃ ꯊꯣꯛꯍꯟꯕ,"
and,ꯑꯃꯁꯨꯡ
they,ꯃꯈꯣꯏ
might,ꯃꯇꯤꯛ
even,ꯇꯨꯃꯥ ꯁꯨꯕ
kill,ꯍꯥꯠꯄ
someone,ꯀꯅꯥꯒꯨꯝꯕ ꯑꯃ
or,ꯅꯠꯇ꯭ꯔꯒ
even,ꯇꯨꯃꯥ ꯁꯨꯕ
themselves,ꯃꯈꯣꯏ ꯃꯁꯥꯃꯛ
Excessive,ꯑꯍꯦꯟꯕ ꯃꯇꯧ
emotions,ꯏꯃꯣꯁꯅꯁꯤꯡ .
impair,ꯏꯝꯄꯦꯌꯥꯔ ꯇꯧꯕꯥ
the,ꯒꯤ ꯃꯇꯨꯡ ꯏꯟꯅꯥ .
judgment,ꯋꯥꯌꯦꯜ ꯄꯤꯕꯥ
in,ꯏꯟ ꯲꯰꯲꯰ꯗꯥ ꯑꯥꯏ.ꯑꯦꯟ.
borderline,ꯕꯣꯔꯗꯔꯂꯥꯏꯟ
personality,ꯃꯤꯑꯣꯏ ꯑꯃꯒꯤ ꯃꯇꯤꯛ ꯃꯒꯨꯟ
Differential,ꯗꯤꯐꯦꯟꯁꯔꯤ ꯑꯣꯏꯕꯥ ꯌꯥꯏ꯫
Diagnosis,ꯗꯥꯏꯑꯦꯒ꯭ꯅꯣꯁꯤꯁ ꯇꯧꯕꯥ
1.Schizophrenia:,꯱.ꯁ꯭ꯀꯤꯖꯣꯐ꯭ꯔꯦꯅꯤꯌꯥ:
unlike,ꯑꯅꯂꯥꯏꯛ .
patients,ꯄꯦꯁꯦꯟꯇꯁꯤꯡꯅꯥ ꯑꯦꯟ.ꯗꯤ.ꯑꯦ.
with,ꯂꯣꯏꯅꯅ
"schizophrenia,","ꯁ꯭ꯀꯤꯖꯣꯐ꯭ꯔꯦꯅꯤꯌꯥ, ꯑꯃꯁꯨꯡ ꯑꯦꯟ."
BPD,ꯕꯤ.ꯄꯤ.ꯗꯤ.
shows,ꯁꯣꯁꯤꯡ ꯑꯁꯤ .
brief,ꯁꯝꯂꯞꯄ
psychosis,ꯁꯥꯏꯀꯣꯁꯤꯁ .
(micro-­‐,(ꯃꯥꯏꯛꯔꯣ-‐
psychotic,ꯁꯥꯏꯀꯣꯇꯤꯛ ꯑꯣꯏꯕꯥ .
episodes;,ꯑꯦꯄꯤꯁꯣꯗꯁꯤꯡ;
transient,ꯇ꯭ꯔꯥꯟꯁꯤꯑꯦꯟꯇ ꯑꯣꯏꯕꯥ .
However,ꯑꯗꯨꯝ ꯑꯣꯏꯅꯃꯛ
borderline,ꯕꯣꯔꯗꯔꯂꯥꯏꯟ
might,ꯃꯇꯤꯛ
have,ꯂꯩꯕꯥ ꯌꯥꯏ ꯫
other,ꯑꯇꯣꯞꯄ
psychiatric,ꯁꯥꯏꯀꯤꯌꯥꯠꯔꯤꯛ ꯑꯣꯏꯕꯥ .
disease,ꯂꯥꯏꯅ
co-­‐,ꯀꯣ-‐
existing,ꯍꯧꯖꯤꯛ ꯂꯩꯔꯤꯕ
with,ꯂꯣꯏꯅꯅ
their,ꯃꯈꯣꯏꯒꯤ
PD,ꯄꯤ.ꯗꯤ.
such,ꯑꯁꯤꯒꯨꯝꯕ
as,ꯑꯣꯏꯅ
schizophrenia,ꯁ꯭ꯀꯤꯖꯣꯐ꯭ꯔꯦꯅꯤꯌꯥ ꯑꯁꯤ ꯑꯦꯟ.
"(short-­‐lived,","(ꯑꯁꯣꯀꯄꯥ-‐ꯂꯥꯏꯚ, ."
fleeting,ꯊꯨꯅꯥ ꯌꯥꯡꯅꯥ ꯆꯠꯄꯥ .
psychosis),ꯁꯥꯏꯀꯣꯁꯤꯁ) ꯑꯃꯁꯨꯡ ꯑꯦꯝ.
but,ꯑꯗꯨꯕꯨ
lack,ꯌꯥꯎꯗꯕ
classic,ꯀ꯭ꯂꯥꯁꯤꯛ ꯑꯣꯏꯕꯥ꯫
schizophrenic,ꯁ꯭ꯀꯤꯖꯣꯐ꯭ꯔꯦꯅꯤꯛ ꯑꯣꯏꯕꯥ .
signs,ꯁꯥꯏꯅꯁꯤꯡ .
2.Schizotypal,꯲.ꯁ꯭ꯀꯤꯖꯣꯇꯤꯄꯥꯜ .
personality,ꯃꯤꯑꯣꯏ ꯑꯃꯒꯤ ꯃꯇꯤꯛ ꯃꯒꯨꯟ
disorder:,ꯗꯤꯁꯑꯣꯔꯗꯔ:
show,ꯎꯠꯄ
marked,ꯃꯥꯔꯛ ꯇꯧꯔꯕꯥ .
peculiarities,ꯑꯈꯟꯅꯕꯥ ꯋꯥꯐꯃꯁꯤꯡ .
"thinking,","ꯋꯥꯈꯜ ꯈꯅꯕꯥ, ."
strange,ꯇꯣꯉꯥꯟꯅ
"ideation,","ꯑꯥꯏꯗꯤꯌꯥ, ꯳."
and,ꯑꯃꯁꯨꯡ
recurrent,ꯔꯤꯀꯣꯔꯗ ꯇꯧꯕꯥ
ideas,ꯋꯥꯈꯜꯂꯣꯅꯁꯤꯡ ꯑꯁꯤ .
reference,ꯆꯥꯡꯗꯝꯅꯕ
3.Paranoid,꯳.ꯄꯥꯔꯥꯅꯣꯏꯗ ꯑꯣꯏꯕꯥ ꯌꯥꯏ꯫
personality,ꯃꯤꯑꯣꯏ ꯑꯃꯒꯤ ꯃꯇꯤꯛ ꯃꯒꯨꯟ
disorder;,ꯗꯤꯁꯑꯣꯔꯗꯔ ꯂꯩꯕꯥ;
BPD,ꯕꯤ.ꯄꯤ.ꯗꯤ.
shows,ꯁꯣꯁꯤꯡ ꯑꯁꯤ .
short-­‐lived,ꯁꯣꯔꯠ-‐ꯂꯥꯏꯚ ꯇꯧꯕꯥ
suspiciousness,ꯆꯤꯡꯅꯕꯥ ꯂꯩꯕꯥ .
Defense,ꯗꯤꯐꯦꯟꯁ ꯇꯧꯕꯥ
Mechanisms,ꯃꯦꯀꯥꯅꯤꯖꯃꯁꯤꯡ ꯑꯁꯤ ꯑꯦꯝ.ꯑꯦꯁ.ꯑꯦꯝ.ꯏ.
1,꯱.
Splitting,ꯁ꯭ꯞꯂꯤꯇꯤꯡ ꯇꯧꯕꯥ
2,꯲ ꯑꯃꯁꯨꯡ ꯲.
Acting,ꯑꯦꯛꯇꯤꯡ ꯇꯧꯕꯥ
out,ꯃꯄꯥꯟ
3.Projective,꯳.ꯄ꯭ꯔꯣꯖꯦꯛꯇꯤꯚ ꯑꯣꯏꯕꯥ .
identification,ꯃꯁꯛ ꯈꯉꯗꯣꯀꯄꯥ .
Treatment,ꯂꯥꯏꯌꯦꯡꯕ
For,ꯒꯤꯗꯃꯛ ꯑꯦꯟ.ꯗꯤ.ꯑꯦ.
best,ꯈ꯭ꯋꯥꯏꯗꯒꯤ ꯐꯕ
"results,","ꯃꯍꯩꯁꯤꯡ,"
pharmacotherapy,ꯐꯥꯔꯃꯥꯀꯣꯊꯦꯔꯥꯄꯤꯒꯤ ꯃꯇꯥꯡꯗꯥ ꯌꯨ.ꯑꯦꯁ.
psychotherapy,ꯁꯥꯏꯀꯣꯊꯦꯔꯥꯄꯤ ꯇꯧꯕꯥ ꯌꯥꯏ꯫
Pharmacotherapy:,ꯐꯥꯔꯃꯥꯀꯣꯊꯦꯔꯥꯄꯤ:
1.Antipsychotics:,꯱.ꯑꯦꯟꯇꯤꯁꯥꯏꯀꯣꯇꯤꯀꯁꯤꯡ:
olanzapine,ꯑꯣꯂꯥꯟꯖꯥꯄꯤꯟ .
10,꯱꯰ ꯑꯃꯁꯨꯡ ꯱꯰.
mg),ꯑꯦꯝ.ꯖꯤ.) ꯑꯃꯁꯨꯡ ꯑꯦꯝ.ꯖꯤ.
to,ꯒꯤ ꯃꯇꯨꯡ ꯏꯟꯅꯥ .
control,ꯂꯥꯛꯁꯤꯟꯕ
brief,ꯁꯝꯂꯞꯄ
psychotic,ꯁꯥꯏꯀꯣꯇꯤꯛ ꯑꯣꯏꯕꯥ .
"episodes,","ꯑꯦꯄꯤꯁꯣꯗꯁꯤꯡ, ."
"anger,","ꯑꯁꯥꯎꯕ,"
and,ꯑꯃꯁꯨꯡ
hostility,ꯌꯦꯛꯅꯕꯥ ꯑꯣꯏꯕꯥ .
2.Antidepressants,꯲.ꯑꯦꯟꯇꯤꯗꯦꯞꯔꯦꯁꯟ ꯇꯧꯕꯥ ꯌꯥꯏ꯫
paroxetine,ꯄꯦꯔꯣꯛꯁꯦꯇꯤꯟ ꯑꯁꯤ ꯌꯥꯑꯣꯔꯤ꯫
20,꯲꯰ ꯑꯃꯁꯨꯡ ꯲꯰꯫
mg,ꯑꯦꯝ.ꯖꯤ.
or,ꯅꯠꯇ꯭ꯔꯒ
any,ꯑꯃ ꯍꯦꯛꯇ
other,ꯑꯇꯣꯞꯄ
SSRI),ꯑꯦꯁ.ꯑꯦꯁ.ꯑꯥꯔ.ꯑꯥꯏ.) ꯑꯃꯁꯨꯡ ꯑꯦꯝ.
improve,ꯐꯒꯠꯄ
the,ꯒꯤ ꯃꯇꯨꯡ ꯏꯟꯅꯥ .
depressed,ꯋꯥꯈꯜ ꯋꯥꯕ
mood,ꯋꯥꯈꯜꯒꯤ ꯃꯇꯧ
common,ꯃꯥꯟꯅꯅ ꯑꯣꯏꯒꯟꯕ
in,ꯏꯟ ꯲꯰꯲꯰ꯗꯥ ꯑꯥꯏ.ꯑꯦꯟ.
patients,ꯄꯦꯁꯦꯟꯇꯁꯤꯡꯅꯥ ꯑꯦꯟ.ꯗꯤ.ꯑꯦ.
with,ꯂꯣꯏꯅꯅ
borderline,ꯕꯣꯔꯗꯔꯂꯥꯏꯟ
personality,ꯃꯤꯑꯣꯏ ꯑꯃꯒꯤ ꯃꯇꯤꯛ ꯃꯒꯨꯟ
disorder,ꯗꯤꯁꯑꯣꯔꯗꯔ ꯂꯩꯕꯥ꯫
3.Anticonvulsants,꯳.ꯑꯦꯟꯇꯤꯀꯣꯅꯚꯨꯂꯁꯦꯟꯇꯁꯤꯡ .
carbamazepine),ꯀꯥꯔꯕꯥꯃꯥꯖꯦꯄꯤꯟ) ꯑꯃꯁꯨꯡ ꯑꯦꯝ.
have,ꯂꯩꯕꯥ ꯌꯥꯏ ꯫
successfully,ꯃꯥꯌ ꯄꯥꯛꯅꯥ .
modulated,ꯃꯣꯗꯨꯂꯦꯠ ꯇꯧꯕꯥ .
mood,ꯋꯥꯈꯜꯒꯤ ꯃꯇꯧ
"fluctuation,","ꯐ꯭ꯂꯨꯛꯠꯌꯨꯑꯦꯁꯟ ꯇꯧꯕꯥ, ꯴."
impulsive,ꯏꯝꯄꯂꯁꯤꯕ ꯑꯣꯏꯕꯥ ꯌꯥꯏ꯫
and,ꯑꯃꯁꯨꯡ
destructive,ꯃꯥꯡꯍꯟ ꯇꯥꯀꯍꯅꯕꯥ ꯌꯥꯕꯥ .
behavior,ꯂꯤꯆꯠ ꯁꯥꯖꯠ
in,ꯏꯟ ꯲꯰꯲꯰ꯗꯥ ꯑꯥꯏ.ꯑꯦꯟ.
some,ꯈꯔ
"patients,","ꯄꯦꯁꯦꯟꯇꯁꯤꯡ, ꯑꯃꯁꯨꯡ ꯑꯦꯝ.ꯑꯦꯁ.ꯑꯦꯝ.ꯏ."
and,ꯑꯃꯁꯨꯡ
may,ꯑꯣꯏꯕ ꯌꯥꯏ
improve,ꯐꯒꯠꯄ
global,ꯃꯥꯂꯦꯝ ꯄꯨꯝꯕꯒꯤ
functioning,ꯐꯉ꯭ꯀꯁꯟ ꯇꯧꯕꯥ
for,ꯒꯤꯗꯃꯛ ꯑꯦꯟ.ꯗꯤ.ꯑꯦ.
some,ꯈꯔ
patients,ꯄꯦꯁꯦꯟꯇꯁꯤꯡꯅꯥ ꯑꯦꯟ.ꯗꯤ.ꯑꯦ.
4.Benzodiazepines:,꯴.ꯕꯦꯟꯖꯣꯗꯤꯌꯥꯖꯦꯄꯤꯅꯁꯤꯡ: ꯱.
although,ꯃꯗꯨ ꯑꯣꯏꯔꯕꯁꯨ
help,ꯇꯦꯡꯕꯥꯡꯕ
"anxiety,","ꯆꯔꯥꯡꯅꯕ,"
they,ꯃꯈꯣꯏ
may,ꯑꯣꯏꯕ ꯌꯥꯏ
release,ꯊꯥꯗꯣꯛꯄ
"disinhibition,","ꯗꯤꯁꯤꯅꯍꯤꯕꯤꯁꯟ, ."
"hostility,","ꯌꯦꯛꯅꯕꯥ ꯑꯣꯏꯕꯥ, ꯴."
and,ꯑꯃꯁꯨꯡ
anger,ꯑꯁꯥꯎꯕ
Psychotherapy:,ꯁꯥꯏꯀꯣꯊꯦꯔꯥꯄꯤ:
a,ꯑꯃ
particular,ꯑꯈꯟꯅꯕ
form,ꯁꯦꯝꯕ
psychotherapy,ꯁꯥꯏꯀꯣꯊꯦꯔꯥꯄꯤ ꯇꯧꯕꯥ ꯌꯥꯏ꯫
called,ꯀꯧꯏ
dialectical,ꯗꯥꯏꯑꯦꯂꯦꯛꯇꯤꯀꯦꯜ ꯑꯣꯏꯕꯥ .
behavior,ꯂꯤꯆꯠ ꯁꯥꯖꯠ
therapy,ꯊꯦꯔꯥꯄꯤ ꯇꯧꯕꯥ
(DBT),(ꯗꯤ.ꯕꯤ.ꯇꯤ.) ꯑꯁꯤ ꯌꯥꯑꯣꯔꯤ꯫
has,ꯂꯩꯕꯥ .
been,ꯕꯤꯟ ꯇꯧꯕꯥ ꯌꯥꯏ꯫
used,ꯁꯤꯖꯤꯟꯅꯈ꯭ꯔꯕ
for,ꯒꯤꯗꯃꯛ ꯑꯦꯟ.ꯗꯤ.ꯑꯦ.
patients,ꯄꯦꯁꯦꯟꯇꯁꯤꯡꯅꯥ ꯑꯦꯟ.ꯗꯤ.ꯑꯦ.
with,ꯂꯣꯏꯅꯅ
borderline,ꯕꯣꯔꯗꯔꯂꯥꯏꯟ
personality,ꯃꯤꯑꯣꯏ ꯑꯃꯒꯤ ꯃꯇꯤꯛ ꯃꯒꯨꯟ
"disorder,","ꯗꯤꯁꯑꯣꯔꯗꯔ ꯂꯩꯕꯥ, ."
especially,ꯃꯔꯨ ꯑꯣꯏꯅ
those,ꯃꯈꯣꯏꯁꯤꯡ
with,ꯂꯣꯏꯅꯅ
parasuicidal,ꯄꯥꯔꯥꯁ꯭ꯌꯨꯏꯁꯥꯏꯗꯜ ꯑꯣꯏꯕꯥ ꯌꯥꯏ꯫
"behavior,","ꯂꯤꯆꯠ ꯁꯥꯖꯠ,"
such,ꯑꯁꯤꯒꯨꯝꯕ
as,ꯑꯣꯏꯅ
frequent,ꯌꯥꯝꯅ ꯇꯣꯏꯕ
cutting,ꯀꯇꯤꯡ ꯇꯧꯕꯥ
DBT,ꯗꯤ.ꯕꯤ.ꯇꯤ.
is,ꯑꯁꯤ ꯑꯥꯏ.ꯑꯦꯁ.
eclectic,ꯏꯛꯂꯦꯛꯇꯤꯛ ꯑꯣꯏꯕꯥ .
"(supportive,","(ꯁꯄꯣꯔꯇꯤꯕ ꯑꯣꯏꯕꯥ, ."
"cognitive,","ꯂꯧꯁꯤꯡ ꯇꯥꯟꯕꯒꯤ ꯊꯧꯑꯣꯡ,"
"interpersonal,","ꯏꯟꯇꯔꯄꯔꯁꯣꯅꯦꯜ ꯑꯣꯏꯕꯥ, ."
and,ꯑꯃꯁꯨꯡ
behavioral,ꯂꯃꯆꯠ-ꯁꯥꯖꯠꯀꯤ ꯑꯣꯏꯕꯥ .
therapies),ꯊꯦꯔꯥꯄꯤꯁꯤꯡ) ꯑꯃꯁꯨꯡ ꯑꯦꯝ.
Patients,ꯄꯦꯁꯦꯟꯇꯁꯤꯡꯅꯥ ꯑꯦꯟ.ꯗꯤ.ꯑꯦ.
are,ꯑꯁꯤ .
seen,ꯎꯈ꯭ꯔꯦ
"weekly,","ꯅꯨꯃꯤꯠ ꯈꯨꯗꯤꯡꯒꯤ, ꯳."
with,ꯂꯣꯏꯅꯅ
the,ꯒꯤ ꯃꯇꯨꯡ ꯏꯟꯅꯥ .
goal,ꯄꯥꯟꯗꯝ
identifying,ꯃꯁꯛ ꯈꯉꯗꯣꯀꯄꯥ .
ambivalent,ꯑꯦꯝꯕꯤꯚꯦꯂꯟꯇ ꯑꯣꯏꯕꯥ .
"feelings,","ꯐꯤꯜꯂꯤꯡꯁꯤꯡ, ."
tolerating,ꯇꯣꯂꯦꯇꯤꯡ ꯇꯧꯕꯥ
frustration,ꯐ꯭ꯔꯁ꯭ꯇꯦꯁꯟ ꯇꯧꯕꯥ
/rejection,/ꯔꯤꯖꯦꯛꯁꯟ ꯇꯧꯕꯥ ꯌꯥꯏ꯫
and,ꯑꯃꯁꯨꯡ
decreasing,ꯍꯟꯊꯔꯀꯄꯥ
self-­‐destructive,ꯁꯦꯜꯐ-‐ꯃꯥꯡꯍꯟ ꯇꯥꯀꯍꯅꯕꯥ ꯌꯥꯕꯥ .
behavior,ꯂꯤꯆꯠ ꯁꯥꯖꯠ
Other,ꯑꯇꯣꯞꯄ
Notes,ꯅꯣꯇꯁꯤꯡꯒꯤ ꯃꯇꯥꯡꯗꯥ ꯋꯥꯐꯝ ꯀꯌꯥ ꯊꯃꯈꯤ꯫
Epidemiology:,ꯏꯄꯤꯗꯦꯃꯤꯑꯣꯂꯣꯖꯤ:
Prevalence:,ꯄ꯭ꯔꯤꯚꯦꯂꯦꯟꯁ: ꯱.
2%,꯲% ꯑꯃꯁꯨꯡ ꯑꯦꯟ.
the,ꯒꯤ ꯃꯇꯨꯡ ꯏꯟꯅꯥ .
"population,","ꯃꯤꯁꯤꯡ,"
Women:,ꯅꯨꯄꯤ:
men,ꯅꯨꯄꯥꯁꯤꯡꯅꯥ .
2:1,꯲:꯱.
Course,ꯂꯝꯕꯤ
and,ꯑꯃꯁꯨꯡ
Prognosis:,ꯄ꯭ꯔꯣꯒ꯭ꯅꯣꯁꯤꯁ:
BPD,ꯕꯤ.ꯄꯤ.ꯗꯤ.
Patients,ꯄꯦꯁꯦꯟꯇꯁꯤꯡꯅꯥ ꯑꯦꯟ.ꯗꯤ.ꯑꯦ.
(axis,(ꯑꯦꯛꯁꯤꯁ ꯑꯁꯤ .
diagnosis),ꯗꯥꯏꯑꯦꯒ꯭ꯅꯣꯁꯤꯁ) ꯑꯃꯁꯨꯡ ꯑꯦꯟ.
have,ꯂꯩꯕꯥ ꯌꯥꯏ ꯫
a,ꯑꯃ
high,ꯋꯥꯡꯕ
incidence,ꯏꯅꯁꯤꯗꯦꯟꯁ ꯑꯁꯤ .
parasuicide,ꯄꯥꯔꯥꯁ꯭ꯌꯨꯏꯁꯥꯏꯗ ꯇꯧꯕꯥ ꯌꯥꯏ꯫
/suicide,/ꯁꯨꯏꯁꯥꯏꯗ ꯇꯧꯕꯥ ꯌꯥꯏ꯫
"rates,","ꯔꯦꯠꯁꯤꯡ, ꯳."
substance,ꯄꯣꯠꯂꯝ
"abuse,","ꯆꯩꯕ,"
and,ꯑꯃꯁꯨꯡ
MDEs,ꯑꯦꯝ.ꯗꯤ.ꯏ.ꯑꯦꯁ.
(axis,(ꯑꯦꯛꯁꯤꯁ ꯑꯁꯤ .
I,ꯑꯩ
"diagnosis),",ꯗꯥꯏꯒ꯭ꯅꯣꯁꯤꯁ ꯇꯧꯕꯥ) ꯑꯃꯁꯨꯡ ꯑꯦꯟ.
physical,ꯍꯛꯆꯥꯡꯒꯤ ꯑꯣꯏꯕ
complications,ꯀꯃꯞꯂꯤꯀꯦꯁꯅꯁꯤꯡ .
their,ꯃꯈꯣꯏꯒꯤ
repetitive,ꯔꯤꯄꯤꯇꯦꯇꯤꯕ ꯑꯣꯏꯕꯥ .
self-­‐,ꯁꯦꯜꯐ-‐
destructive,ꯃꯥꯡꯍꯟ ꯇꯥꯀꯍꯅꯕꯥ ꯌꯥꯕꯥ .
acts,ꯑꯦꯛꯇꯁꯤꯡ ꯑꯁꯤ .
(axis,(ꯑꯦꯛꯁꯤꯁ ꯑꯁꯤ .
"diagnosis),",ꯗꯥꯏꯒ꯭ꯅꯣꯁꯤꯁ ꯇꯧꯕꯥ) ꯑꯃꯁꯨꯡ ꯑꯦꯟ.
and,ꯑꯃꯁꯨꯡ
psychosocial,ꯁꯥꯏꯀꯣꯁꯣꯁꯤꯑꯦꯜ ꯑꯣꯏꯕꯥ .
problems,ꯁꯃꯁ꯭ꯌꯥꯁꯤꯡ
(axis,(ꯑꯦꯛꯁꯤꯁ ꯑꯁꯤ .
IV,ꯑꯥꯏ.ꯚꯤ.
diagnosis),ꯗꯥꯏꯑꯦꯒ꯭ꯅꯣꯁꯤꯁ) ꯑꯃꯁꯨꯡ ꯑꯦꯟ.
Longitudinal,ꯂꯣꯟꯇꯤꯆꯨꯗꯅꯦꯜ ꯑꯣꯏꯕꯥ .
studies,ꯁ꯭ꯇꯗꯤꯁꯤꯡ ꯇꯧꯕꯥ
show,ꯎꯠꯄ
no,ꯅꯠꯇꯦ
progression,ꯄ꯭ꯔꯣꯒ꯭ꯔꯦꯁꯟ ꯑꯁꯤ [...]
toward,ꯃꯥꯏꯀꯩꯔꯣꯝꯗ
schizophrenia,ꯁ꯭ꯀꯤꯖꯣꯐ꯭ꯔꯦꯅꯤꯌꯥ ꯑꯁꯤ ꯑꯦꯟ.
Borderline,ꯕꯣꯔꯗꯔꯂꯥꯏꯟ
has,ꯂꯩꯕꯥ .
unstable,ꯑꯅꯁ꯭ꯇꯦꯕꯜ ꯑꯣꯏꯕꯥ .
"self-­‐image,","ꯁꯦꯜꯐ-‐ꯏꯃꯦꯖ ꯇꯧꯕꯥ, ."
and,ꯑꯃꯁꯨꯡ
they,ꯃꯈꯣꯏ
are,ꯑꯁꯤ .
prone,ꯎꯄꯄ꯭ꯔꯥꯡꯅꯅ ꯍꯤꯞꯄ
to,ꯒꯤ ꯃꯇꯨꯡ ꯏꯟꯅꯥ .
over,ꯂꯣꯏꯔꯦ
evaluation,ꯔꯥꯏ ꯇꯥꯊꯣꯛꯄ
and,ꯑꯃꯁꯨꯡ
devaluation,ꯗꯤꯕꯂꯄꯃꯦꯟꯇ ꯇꯧꯕꯥ .
433  Psychiatry  Team,꯴꯳꯳ꯒꯤ ꯁꯥꯏꯀꯤꯌꯥꯠꯔꯤ ꯇꯤꯝ
Personality  Disorders,ꯄꯔꯁꯣꯅꯦꯂꯤꯇꯤ ꯗꯤꯁꯑꯣꯔꯗꯔꯁꯤꯡ .
8,꯸ ꯑꯃꯁꯨꯡ ꯸.
P a g e,ꯄꯤ ꯑꯦ ꯖꯤ ꯏ .
Cluster,ꯃꯄꯩ
B,ꯕꯤ .
Type/,ꯃꯈꯜ/
Comparison,ꯆꯥꯡꯗꯝꯅꯕ
2),꯲) ꯑꯃꯁꯨꯡ ꯑꯦꯟ.
Histrionic,ꯍꯤꯁ꯭ꯠꯔꯤꯌꯅꯒꯤ ꯑꯣꯏꯕꯥ .
Personality,ꯃꯤꯑꯣꯏ ꯑꯃꯒꯤ ꯃꯇꯤꯛ ꯃꯒꯨꯟ
Disorder,ꯗꯤꯁꯑꯣꯔꯗꯔ ꯂꯩꯕꯥ꯫
They,ꯃꯈꯣꯏ
love,ꯅꯨꯡꯁꯤꯕ
media,ꯃꯤꯗꯤꯌꯥꯗꯥ ꯑꯦꯝ.
and,ꯑꯃꯁꯨꯡ
media,ꯃꯤꯗꯤꯌꯥꯗꯥ ꯑꯦꯝ.
love,ꯅꯨꯡꯁꯤꯕ
them,ꯃꯈꯣꯏ
“Broadcasters”,“ꯕ꯭ꯔꯣꯗꯀꯥꯁ꯭ꯇꯔꯁꯤꯡ” ꯑꯃꯁꯨꯡ ꯑꯦꯝ.
3),꯳) ꯑꯃꯁꯨꯡ ꯑꯦꯟ.
Narcissistic,ꯅꯥꯔꯁꯤꯁꯤꯁ꯭ꯇꯤꯛ ꯑꯣꯏꯕꯥ .
Personality,ꯃꯤꯑꯣꯏ ꯑꯃꯒꯤ ꯃꯇꯤꯛ ꯃꯒꯨꯟ
Disorder,ꯗꯤꯁꯑꯣꯔꯗꯔ ꯂꯩꯕꯥ꯫
”important”,"""ꯃꯔꯨ ꯑꯣꯏꯕ"""
Features,ꯃꯑꯣꯡ ꯃꯇꯧ
Attention,ꯄꯨꯛꯅꯤꯡ ꯆꯤꯡꯁꯤꯟꯕ
seeking,ꯊꯤꯕꯥ ꯊꯤꯕꯥ .
behavior,ꯂꯤꯆꯠ ꯁꯥꯖꯠ
(verbal,(ꯋꯥꯍꯩꯒꯤ ꯃꯇꯨꯡ ꯏꯟꯅꯥ .
and,ꯑꯃꯁꯨꯡ
nonverbal),ꯅꯟ-ꯚꯥꯔꯕꯦꯜ)
They,ꯃꯈꯣꯏ
need,ꯄꯥꯝꯕ
attention,ꯄꯨꯛꯅꯤꯡ ꯆꯤꯡꯁꯤꯟꯕ
(not,(ꯅꯠꯇꯕ
"admiration),",ꯑꯦꯗꯃꯤꯔꯦꯁꯟ) ꯑꯃꯁꯨꯡ ꯑꯦꯝ.
attention,ꯄꯨꯛꯅꯤꯡ ꯆꯤꯡꯁꯤꯟꯕ
is,ꯑꯁꯤ ꯑꯥꯏ.ꯑꯦꯁ.
enough,ꯃꯔꯥꯡ ꯀꯥꯏꯅ
for,ꯒꯤꯗꯃꯛ ꯑꯦꯟ.ꯗꯤ.ꯑꯦ.
them,ꯃꯈꯣꯏ
Excessive,ꯑꯍꯦꯟꯕ ꯃꯇꯧ
superficial,ꯁꯨꯄꯔꯐꯤꯁꯤꯑꯦꯜ ꯑꯣꯏꯕꯥ .
emotions,ꯏꯃꯣꯁꯅꯁꯤꯡ .
(shallow,(ꯊꯦꯟꯕ
and,ꯑꯃꯁꯨꯡ
shifting),ꯁꯤꯐ꯭ꯠ ꯇꯧꯕꯥ)꯫
And,ꯑꯃꯁꯨꯡ
focus,ꯃꯤꯠꯌꯦꯡ ꯆꯪꯕ
on,on ꯒꯤ ꯃꯊꯛꯇꯥ ꯂꯩꯕꯥ꯫
external,ꯃꯄꯥꯟꯊꯣꯡꯒꯤ
looks,ꯂꯨꯛ ꯑꯁꯤ .
Self,ꯝꯁꯥꯒꯤ
dramatization,ꯗ꯭ꯔꯃꯥꯇꯥꯏꯖꯦꯁꯟ ꯇꯧꯕꯥ
and,ꯑꯃꯁꯨꯡ
exaggeration,ꯑꯦꯒꯖꯥꯝ ꯇꯧꯕꯥ
Provocative,ꯄ꯭ꯔꯣꯚꯣꯀꯦꯇꯤꯕ ꯑꯣꯏꯕꯥ .
and,ꯑꯃꯁꯨꯡ
seductive,ꯁꯦꯗ꯭ꯌꯨꯜ ꯇꯧꯕꯥ ꯌꯥꯕꯥ .
behavior,ꯂꯤꯆꯠ ꯁꯥꯖꯠ
They’re,ꯃꯈꯣꯌ’ꯅꯤ꯫
seducing,ꯁꯦꯗ꯭ꯌꯨꯁꯤꯡ ꯇꯧꯕꯥ .
(either,(ꯑꯃ ꯅꯠꯇ꯭ꯔꯒ ꯑꯃ ꯑꯣꯏꯔꯕꯁꯨ
voluntary,ꯚꯣꯂꯨꯟꯇꯔꯤ ꯑꯣꯏꯕꯥ .
or,ꯅꯠꯇ꯭ꯔꯒ
involuntary),ꯏꯅꯚꯣꯂꯨꯟꯇꯔꯤ ꯑꯣꯏꯕꯥ)꯫
Suggestibility,ꯁꯖꯦꯁꯟ ꯇꯧꯕꯥ ꯌꯥꯕꯥ .
with,ꯂꯣꯏꯅꯅ
superficial,ꯁꯨꯄꯔꯐꯤꯁꯤꯑꯦꯜ ꯑꯣꯏꯕꯥ .
thinking,ꯋꯥꯈꯜ ꯈꯅꯕꯥ .
Which,ꯀꯔꯝꯕ
might,ꯃꯇꯤꯛ
lead,ꯍꯦꯟꯗꯨꯅ ꯆꯠꯄ
to,ꯒꯤ ꯃꯇꯨꯡ ꯏꯟꯅꯥ .
complications,ꯀꯃꯞꯂꯤꯀꯦꯁꯅꯁꯤꯡ .
(A,(ꯑꯃ
lot,ꯌꯥꯝꯅ
marriages,ꯂꯨꯍꯣꯡꯕꯥ .
and,ꯑꯃꯁꯨꯡ
divorces),ꯇꯂꯥꯛ ꯇꯧꯕꯥ)꯫
They,ꯃꯈꯣꯏ
don’t,ꯇꯧꯅꯨ
have,ꯂꯩꯕꯥ ꯌꯥꯏ ꯫
logic,ꯂꯣꯖꯤꯛ ꯴.
"thinking,","ꯋꯥꯈꯜ ꯈꯅꯕꯥ, ."
opposite,ꯑꯣꯟꯅ ꯇꯩꯅꯕ
to,ꯒꯤ ꯃꯇꯨꯡ ꯏꯟꯅꯥ .
the,ꯒꯤ ꯃꯇꯨꯡ ꯏꯟꯅꯥ .
paranoid,ꯄꯦꯔꯥꯅꯣꯏꯗ ꯑꯣꯏꯕꯥ ꯌꯥꯏ꯫
they’re,ꯃꯈꯣꯌ’ꯅꯤ꯫
NOT,ꯅꯠꯇꯕ
suspicious,ꯆꯤꯡꯅꯅꯤꯡꯉꯥꯏ ꯑꯣꯏꯕ
at,ꯑꯦ.ꯇꯤ.
all,ꯄꯨꯝꯅꯃꯛ
and,ꯑꯃꯁꯨꯡ
they,ꯃꯈꯣꯏ
get,ꯐꯪꯕ
used,ꯁꯤꯖꯤꯟꯅꯈ꯭ꯔꯕ
by,ꯗ꯭ꯕꯥꯔꯥ .
other,ꯑꯇꯣꯞꯄ
people,ꯃꯤꯌꯥꯝ
always,ꯃꯇꯝ ꯄꯨꯝꯕꯗ
They’re,ꯃꯈꯣꯌ’ꯅꯤ꯫
afraid,ꯀꯤꯕ
loss,ꯃꯥꯡꯖꯕ
love,ꯅꯨꯡꯁꯤꯕ
As,ꯑꯣꯏꯅ
a,ꯑꯃ
doctor,ꯗꯥꯛꯇꯔ
you,ꯑꯗꯣꯝ
have,ꯂꯩꯕꯥ ꯌꯥꯏ ꯫
to,ꯒꯤ ꯃꯇꯨꯡ ꯏꯟꯅꯥ .
set,ꯆꯕꯨꯜ ꯑꯃ
limit,ꯂꯤꯃꯤꯠ ꯂꯩꯕꯥ
with,ꯂꯣꯏꯅꯅ
your,ꯑꯗꯣꯝꯒꯤ
"patient,","ꯈꯥꯡꯕ ꯀꯟꯕ,"
this,ꯃꯁꯤ
personality,ꯃꯤꯑꯣꯏ ꯑꯃꯒꯤ ꯃꯇꯤꯛ ꯃꯒꯨꯟ
might,ꯃꯇꯤꯛ
mistaken,ꯑꯔꯥꯅꯕꯥ ꯇꯧꯕꯥ .
your,ꯑꯗꯣꯝꯒꯤ
kindness,ꯊꯧꯖꯥꯜ ꯍꯩꯕ
don’t,ꯇꯧꯅꯨ
go,ꯆꯠꯂꯨ
beyond,ꯋꯥꯡꯃꯗ
the,ꯒꯤ ꯃꯇꯨꯡ ꯏꯟꯅꯥ .
situation,ꯇꯥꯟꯖꯥ
with,ꯂꯣꯏꯅꯅ
"them,","ꯃꯈꯣꯏ,"
don’t,ꯇꯧꯅꯨ
be,ꯑꯣꯏꯌꯨ .
over,ꯂꯣꯏꯔꯦ
warm,ꯐꯣꯡ ꯐꯣꯡ ꯁꯥꯕ
with,ꯂꯣꯏꯅꯅ
them,ꯃꯈꯣꯏ
Exaggerated,ꯑꯦꯒꯖꯥꯝ ꯇꯧꯕꯥ
self-­‐importance,ꯁꯦꯜꯐ-‐ꯏꯝꯄꯣꯔꯇꯦꯁꯟ .
and,ꯑꯃꯁꯨꯡ
superiority,ꯁꯨꯄꯔꯤꯌꯔ ꯑꯣꯏꯕꯥ .
Self,ꯝꯁꯥꯒꯤ
love,ꯅꯨꯡꯁꯤꯕ
at,ꯑꯦ.ꯇꯤ.
the,ꯒꯤ ꯃꯇꯨꯡ ꯏꯟꯅꯥ .
expense,ꯆꯥꯗꯤꯡ ꯇꯧꯕꯥ
the,ꯒꯤ ꯃꯇꯨꯡ ꯏꯟꯅꯥ .
situation,ꯇꯥꯟꯖꯥ
and,ꯑꯃꯁꯨꯡ
others,ꯑꯇꯣꯞꯄꯁꯤꯡꯅꯥ ꯑꯦꯝ.ꯑꯦꯁ.ꯑꯦꯝ.ꯏ.
Constant,ꯂꯦꯡꯗꯕ
seeking,ꯊꯤꯕꯥ ꯊꯤꯕꯥ .
admiration,ꯑꯦꯗꯃꯤꯔꯦꯁꯟ ꯇꯧꯕꯥ
(not,(ꯅꯠꯇꯕ
only,ꯈꯛꯇ
attention);,ꯄꯨꯛꯅꯤꯡ ꯆꯤꯡꯁꯤꯟꯕ);
"(meetings,","(ꯃꯤꯇꯤꯡꯁꯤꯡ, ."
"media,","ꯃꯤꯗꯤꯌꯥ, ꯑꯃꯁꯨꯡ ꯑꯦꯝ."
"twitter,","ꯇꯨꯏꯇꯥꯔ, 1꯫"
"facebook,","ꯐꯦꯁꯕꯨꯛ, ꯳."
Preoccupation,ꯄ꯭ꯔꯤꯑꯣꯛꯌꯨꯄꯦꯁꯟ ꯇꯧꯕꯥ
with,ꯂꯣꯏꯅꯅ
"entitlement,","ꯑꯦꯟꯇꯥꯏꯇꯂꯃꯦꯟꯇ, ."
success,ꯃꯥꯏ ꯄꯥꯛꯄ
and,ꯑꯃꯁꯨꯡ
power,ꯄꯥꯡꯒꯜ
Excessive,ꯑꯍꯦꯟꯕ ꯃꯇꯧ
and,ꯑꯃꯁꯨꯡ
unrealistic,ꯑꯅꯔꯤꯑꯦꯂꯤꯁ꯭ꯇꯤꯛ ꯑꯣꯏꯕꯥ .
fantasies,ꯐꯦꯟꯇꯥꯁꯤꯁꯤꯡ .
Excessive,ꯑꯍꯦꯟꯕ ꯃꯇꯧ
concern,ꯈꯟꯖꯤꯟꯕ
about,ꯃꯔꯝꯗꯤ
appearance,ꯃꯄꯥꯟꯊꯣꯡꯗ ꯎꯕ
more,ꯑꯍꯦꯟꯕ
than,ꯊꯥꯟ .
essence,ꯃꯒꯨꯟ
With,ꯂꯣꯏꯅꯅ
others;,ꯑꯇꯣꯞꯄꯁꯤꯡ;
"exploitative,","ꯑꯦꯛꯁꯞꯂꯣꯏꯇꯦꯇꯤꯕ ꯑꯣꯏꯕꯥ, ."
"envious,","ꯏꯀꯥꯏꯕꯥ ꯄꯤꯕꯥ, ."
hypersensitive,ꯍꯥꯏꯄꯔꯁꯦꯟꯁꯤꯇꯤꯕ ꯑꯣꯏꯕꯥ ꯌꯥꯏ꯫
to,ꯒꯤ ꯃꯇꯨꯡ ꯏꯟꯅꯥ .
criticism,ꯐꯩ ꯐꯠꯇꯦ ꯅꯩꯟꯕ
careful,ꯆꯦꯛꯁꯤꯟꯕ
with,ꯂꯣꯏꯅꯅ
your,ꯑꯗꯣꯝꯒꯤ
"patients),","ꯄꯦꯁꯦꯟꯇꯁꯤꯡ, ꯑꯃꯁꯨꯡ ꯑꯦꯝ.ꯑꯣ.ꯌꯨ."
and,ꯑꯃꯁꯨꯡ
lacks,ꯑꯋꯥꯠꯄꯥ ꯂꯩꯕꯥ .
empathy,ꯅꯨꯡꯉꯥꯏꯇꯕ ꯐꯎꯕ
Fragile,ꯀꯥꯏꯒꯟꯕ
self-­‐esteem,ꯁꯦꯜꯐ--ꯏꯁ꯭ꯇꯤꯝ .
They’re,ꯃꯈꯣꯌ’ꯅꯤ꯫
smart,ꯍꯩꯁꯤꯡꯕ
and,ꯑꯃꯁꯨꯡ
can,ꯉꯝꯕ
lead,ꯍꯦꯟꯗꯨꯅ ꯆꯠꯄ
and,ꯑꯃꯁꯨꯡ
they,ꯃꯈꯣꯏ
might,ꯃꯇꯤꯛ
create,ꯁꯦꯝꯕ
problems,ꯁꯃꯁ꯭ꯌꯥꯁꯤꯡ
Differential,ꯗꯤꯐꯦꯟꯁꯔꯤ ꯑꯣꯏꯕꯥ ꯌꯥꯏ꯫
Diagnosis,ꯗꯥꯏꯑꯦꯒ꯭ꯅꯣꯁꯤꯁ ꯇꯧꯕꯥ
1,꯱.
Borderline,ꯕꯣꯔꯗꯔꯂꯥꯏꯟ
personality,ꯃꯤꯑꯣꯏ ꯑꯃꯒꯤ ꯃꯇꯤꯛ ꯃꯒꯨꯟ
disorder,ꯗꯤꯁꯑꯣꯔꯗꯔ ꯂꯩꯕꯥ꯫
2,꯲ ꯑꯃꯁꯨꯡ ꯲.
Narcissistic,ꯅꯥꯔꯁꯤꯁꯤꯁ꯭ꯇꯤꯛ ꯑꯣꯏꯕꯥ .
personality,ꯃꯤꯑꯣꯏ ꯑꯃꯒꯤ ꯃꯇꯤꯛ ꯃꯒꯨꯟ
disorder,ꯗꯤꯁꯑꯣꯔꯗꯔ ꯂꯩꯕꯥ꯫
3,꯳ ꯑꯃꯁꯨꯡ ꯳.
Somatoform,ꯁꯣꯃꯥꯇꯣꯐꯣꯔꯝ ꯇꯧꯕꯥ
disorders,ꯗꯤꯁꯑꯣꯔꯗꯔꯁꯤꯡ ꯑꯁꯤ .
(may,(ꯑꯣꯏꯕ ꯌꯥꯏ
co-­‐exist,ꯀꯣ--ꯑꯦꯛꯁꯤꯁ꯭ꯠ ꯇꯧꯕꯥ
as,ꯑꯣꯏꯅ
an,ꯑꯃ
axis,ꯑꯦꯛꯁꯤꯁ ꯴.
I,ꯑꯩ
diagnosis),ꯗꯥꯏꯑꯦꯒ꯭ꯅꯣꯁꯤꯁ) ꯑꯃꯁꯨꯡ ꯑꯦꯟ.
1,꯱.
Histrionic,ꯍꯤꯁ꯭ꯠꯔꯤꯌꯅꯒꯤ ꯑꯣꯏꯕꯥ .
personality,ꯃꯤꯑꯣꯏ ꯑꯃꯒꯤ ꯃꯇꯤꯛ ꯃꯒꯨꯟ
disorder,ꯗꯤꯁꯑꯣꯔꯗꯔ ꯂꯩꯕꯥ꯫
2.Paranoid,꯲.ꯄꯥꯔꯥꯅꯣꯏꯗ ꯑꯣꯏꯕꯥ ꯌꯥꯏ꯫
personality,ꯃꯤꯑꯣꯏ ꯑꯃꯒꯤ ꯃꯇꯤꯛ ꯃꯒꯨꯟ
disorder,ꯗꯤꯁꯑꯣꯔꯗꯔ ꯂꯩꯕꯥ꯫
3.Delusional,꯳.ꯗꯦꯂꯨꯁꯟ ꯇꯧꯕꯥ ꯌꯥꯏ꯫
disorders,ꯗꯤꯁꯑꯣꯔꯗꯔꯁꯤꯡ ꯑꯁꯤ .
(grandiose,(ꯒ꯭ꯔꯦꯟꯗꯤꯑꯣꯁ .
type),ꯃꯈꯜ)
Important,ꯃꯔꯨ ꯑꯣꯏꯕ
to,ꯒꯤ ꯃꯇꯨꯡ ꯏꯟꯅꯥ .
differentiate,ꯈꯦꯠꯅꯕꯥ ꯊꯃꯕꯥ .
them,ꯃꯈꯣꯏ
from,ꯗꯒꯤ
manic,ꯃꯅꯤꯛ ꯑꯣꯏꯕꯥ ꯌꯥꯏ꯫
episode,ꯑꯦꯄꯤꯁꯣꯗ
(bipolar,(ꯕꯥꯏꯄꯣꯂꯣꯔꯗꯥ ꯂꯩꯕꯥ ꯌꯨ.ꯑꯦꯁ.
disorder),ꯗꯤꯁꯑꯣꯔꯗꯔ) ꯑꯃꯁꯨꯡ ꯑꯦꯝ.
Coping,ꯀꯣꯄꯤꯡ ꯇꯧꯕꯥ
Style,ꯃꯑꯣꯡ
Emotion-­‐driven,ꯏꯃꯣꯁꯟ-‐ꯗ꯭ꯔꯥꯏꯚꯟ ꯇꯧꯕꯥ
and,ꯑꯃꯁꯨꯡ
self-­‐centered,ꯁꯦꯜꯐ--ꯁꯦꯟꯠꯔꯤꯛ ꯑꯣꯏꯕꯥ .
thinking,ꯋꯥꯈꯜ ꯈꯅꯕꯥ .
and,ꯑꯃꯁꯨꯡ
behavior,ꯂꯤꯆꯠ ꯁꯥꯖꯠ
Superiority,ꯁꯨꯄꯔꯤꯌꯔ ꯑꯣꯏꯕꯥ .
and,ꯑꯃꯁꯨꯡ
"arrogance,","ꯑꯍꯣꯡꯕꯥ ꯄꯨꯔꯀꯄꯥ, ."
"self-­‐aggrandizing,","ꯁꯦꯜꯐ-‐ꯑꯦꯒ꯭ꯔꯥꯟꯗꯤꯡ ꯇꯧꯕꯥ, ."
"self-­‐centered,","ꯁꯦꯜꯐ--ꯁꯦꯟꯠꯔꯤꯛ ꯑꯣꯏꯕꯥ, ."
"self-­‐protecting,","ꯁꯦꯜꯐ--ꯄ꯭ꯔꯣꯇꯦꯛꯁꯟ ꯇꯧꯕꯥ, ."
"demeaning,","ꯗꯦꯃꯤꯅꯤꯡ, ."
"demanding,","ꯌꯥꯊꯪ ꯌꯥꯝꯅ ꯄꯤꯒꯟꯕ,"
critical,ꯃꯔꯤ ꯑꯣꯏꯕ
Defense,ꯗꯤꯐꯦꯟꯁ ꯇꯧꯕꯥ
Mechanisms,ꯃꯦꯀꯥꯅꯤꯖꯃꯁꯤꯡ ꯑꯁꯤ ꯑꯦꯝ.ꯑꯦꯁ.ꯑꯦꯝ.ꯏ.
Repression:,ꯔꯤꯞꯔꯦꯁꯟ ꯇꯧꯕꯥ:
Involuntary,ꯏꯅꯚꯣꯂꯨꯟꯇꯔꯤ ꯑꯣꯏꯕꯥ .
forgetting,ꯀꯥꯑꯣꯊꯣꯀꯄꯥ
painful,ꯄꯦꯏꯟ ꯇꯧꯕꯥ
"memories,","ꯅꯤꯍꯁꯤꯡꯕꯁꯤꯡ,"
"feelings,","ꯐꯤꯜꯂꯤꯡꯁꯤꯡ, ."
or,ꯅꯠꯇ꯭ꯔꯒ
experiences,ꯑꯦꯛꯁꯄꯤꯔꯤꯌꯦꯟꯁꯁꯤꯡ .
Dissociation:,ꯗꯤꯁꯑꯣꯔꯗꯔ ꯑꯣꯏꯕꯥ:
Disrupted,ꯗꯤꯁꯔꯞ ꯇꯧꯔꯕꯥ .
perceptions,ꯋꯥꯈꯜꯂꯣꯅꯁꯤꯡ ꯑꯁꯤ .
or,ꯅꯠꯇ꯭ꯔꯒ
"sensations,","ꯁꯦꯟꯁꯁꯁꯤꯡ, ."
"consciousness,","ꯋꯥꯈꯜ ꯇꯥꯕ,"
"memory,","ꯅꯤꯡꯁꯤꯡꯕ,"
or,ꯅꯠꯇ꯭ꯔꯒ
personal,ꯃꯁꯥꯒꯤ ꯑꯣꯏꯕ
identity,ꯁꯛꯇꯥꯛ
Sexualization:,ꯁꯦꯛꯁꯨꯑꯦꯂꯥꯏꯖꯦꯁꯟ:
Functions,ꯐꯉ꯭ꯀꯁꯅꯁꯤꯡ .
or,ꯅꯠꯇ꯭ꯔꯒ
objects,ꯄꯣꯠꯁꯀꯁꯤꯡ ꯑꯁꯤ .
are,ꯑꯁꯤ .
changed,ꯍꯣꯡꯗꯣꯀꯈꯤꯕꯥ
into,ꯏꯅꯇꯣ .
sexual,ꯁꯦꯛꯁꯨꯑꯦꯜ ꯑꯣꯏꯕꯥ .
symbols,ꯁꯤꯝꯕꯣꯂꯁꯤꯡ .
to,ꯒꯤ ꯃꯇꯨꯡ ꯏꯟꯅꯥ .
avoid,ꯊꯩꯗꯣꯛꯄ
anxieties,ꯑꯦꯛꯁꯤꯌꯦꯇꯤꯁ .
Regression:,ꯔꯤꯒ꯭ꯔꯦꯁꯟ ꯇꯧꯕꯥ:
Subconscious,ꯁꯕꯀꯟꯁꯤꯌꯦꯜ ꯑꯣꯏꯕꯥ .
return,ꯍꯜꯂꯛꯄ
to,ꯒꯤ ꯃꯇꯨꯡ ꯏꯟꯅꯥ .
childlike,ꯑꯉꯥꯡ ꯑꯣꯏꯔꯤꯉꯩꯗꯥ
state,ꯑꯣꯏꯔꯤꯕ ꯐꯤꯚꯝ
to,ꯒꯤ ꯃꯇꯨꯡ ꯏꯟꯅꯥ .
deal,ꯊꯦꯡꯅꯕ
with,ꯂꯣꯏꯅꯅ
a,ꯑꯃ
distressful,ꯑꯋꯥꯕꯥ ꯅꯪꯂꯕꯥ .
situation,ꯇꯥꯟꯖꯥ
Idealization:,ꯑꯥꯏꯗꯤꯌꯥꯂꯥꯏꯖꯦꯁꯟ: ꯱.
constant,ꯂꯦꯡꯗꯕ
seeking,ꯊꯤꯕꯥ ꯊꯤꯕꯥ .
to,ꯒꯤ ꯃꯇꯨꯡ ꯏꯟꯅꯥ .
be,ꯑꯣꯏꯌꯨ .
always,ꯃꯇꯝ ꯄꯨꯝꯕꯗ
the,ꯒꯤ ꯃꯇꯨꯡ ꯏꯟꯅꯥ .
best,ꯈ꯭ꯋꯥꯏꯗꯒꯤ ꯐꯕ
(No,(ꯅꯠꯇꯦ
"1,","꯱, ꯱, ꯴."
rank,ꯔꯦꯉ꯭ꯀꯇꯥ ꯂꯩꯕꯥ ꯌꯨ.ꯑꯦꯁ.
A),ꯑꯃ)
with,ꯂꯣꯏꯅꯅ
self-­‐inflation,ꯁꯦꯜꯐ-‐ꯏꯅꯐ꯭ꯂꯦꯁꯟ .
to,ꯒꯤ ꯃꯇꯨꯡ ꯏꯟꯅꯥ .
augment,ꯑꯣꯒꯃꯦꯟꯇ ꯇꯧꯕꯥ
self-­‐esteem,ꯁꯦꯜꯐ--ꯏꯁ꯭ꯇꯤꯝ .
Projection:,ꯄ꯭ꯔꯣꯖꯦꯀꯁꯟ ꯇꯧꯕꯥ: ꯱.
bad,ꯐꯠꯇꯕ
self,ꯝꯁꯥꯒꯤ
components,ꯀꯝꯄꯣꯅꯦꯟꯇꯁꯤꯡ .
incompetence),ꯏꯅꯀꯃꯄꯦꯇꯦꯟꯁꯤ)
are,ꯑꯁꯤ .
projected,ꯄ꯭ꯔꯣꯖꯦꯛꯇ ꯇꯧꯔꯕꯥ .
onto,ꯑꯣꯟꯇꯣ ꯇꯧꯕꯥ
others,ꯑꯇꯣꯞꯄꯁꯤꯡꯅꯥ ꯑꯦꯝ.ꯑꯦꯁ.ꯑꯦꯝ.ꯏ.
and,ꯑꯃꯁꯨꯡ
followed,ꯃꯇꯨꯡ ꯇꯥꯔꯀꯄꯗꯥ .
by,ꯗ꯭ꯕꯥꯔꯥ .
devaluation,ꯗꯤꯕꯂꯄꯃꯦꯟꯇ ꯇꯧꯕꯥ .
Treatment,ꯂꯥꯏꯌꯦꯡꯕ
Psychological,ꯁꯥꯏꯀꯣꯂꯣꯖꯤꯀꯦꯜ ꯑꯣꯏꯕꯥ .
treatment:,ꯂꯥꯏꯌꯦꯡꯕ:
supportive,ꯁꯄꯣꯔꯇꯤꯕ ꯑꯣꯏꯕꯥ .
and,ꯑꯃꯁꯨꯡ
directive,ꯗꯥꯏꯔꯦꯛꯇꯣꯔꯤꯗꯥ ꯂꯩꯕꯥ ꯌꯨ.ꯑꯦꯁ.
approaches,ꯑꯦꯞꯔꯣꯆꯁꯤꯡ .
to,ꯒꯤ ꯃꯇꯨꯡ ꯏꯟꯅꯥ .
increase,ꯍꯦꯟꯒꯠꯄ
awareness,ꯈꯪꯕ
real,ꯑꯁꯦꯡꯕ
underneath,ꯃꯈꯥꯗ ꯂꯩꯕ
the,ꯒꯤ ꯃꯇꯨꯡ ꯏꯟꯅꯥ .
histrionic,ꯍꯤꯁ꯭ꯠꯔꯤꯌꯅꯒꯤ ꯑꯣꯏꯕꯥ .
behavior,ꯂꯤꯆꯠ ꯁꯥꯖꯠ
Pharmacological,ꯐꯥꯔꯃꯥꯀꯣꯂꯣꯖꯤꯀꯦꯜ ꯑꯣꯏꯕꯥ .
treatment:,ꯂꯥꯏꯌꯦꯡꯕ:
antianxiety,ꯑꯦꯟꯇꯤꯑꯦꯅꯁꯤꯇꯤ
or,ꯅꯠꯇ꯭ꯔꯒ
antidepressant,ꯑꯦꯟꯇꯤꯗꯤꯞꯔꯦꯁꯦꯟꯇ ꯑꯁꯤ ꯑꯦꯝ.ꯑꯦꯁ.ꯑꯦꯝ.ꯏ.
drugs,ꯗ꯭ꯔꯒꯁꯤꯡ .
may,ꯑꯣꯏꯕ ꯌꯥꯏ
transiently,ꯇ꯭ꯔꯥꯟꯁꯤꯑꯦꯟꯇ ꯑꯣꯏꯅꯥ .
be,ꯑꯣꯏꯌꯨ .
used,ꯁꯤꯖꯤꯟꯅꯈ꯭ꯔꯕ
They,ꯃꯈꯣꯏ
rarely,ꯇꯍꯥꯅ
seek,ꯊꯤꯕ
or,ꯅꯠꯇ꯭ꯔꯒ
accept,ꯌꯥꯕ
treatment,ꯂꯥꯏꯌꯦꯡꯕ
as,ꯑꯣꯏꯅ
their,ꯃꯈꯣꯏꯒꯤ
traits,ꯃꯤ ꯑꯃꯒꯤ ꯆꯦꯟꯕ ꯃꯒꯨꯟ
are,ꯑꯁꯤ .
highly,ꯌꯥꯝꯅꯥ ꯋꯥꯡꯕꯥ .
desired,ꯑꯄꯥꯝꯕꯥ [...]
and,ꯑꯃꯁꯨꯡ
accepted,ꯌꯥꯔꯦ ꯍꯥꯌꯅꯥ ꯂꯧꯕꯥ ꯌꯥꯏ꯫
by,ꯗ꯭ꯕꯥꯔꯥ .
ego,ꯅꯥꯄꯜ
(ego-­‐syntonic),(ꯏ.ꯖꯤ.ꯑꯣ.--ꯁꯤꯟꯇꯅꯤꯛ) ꯑꯁꯤ ꯌꯥꯑꯣꯔꯤ꯫
and,ꯑꯃꯁꯨꯡ
drive,ꯊꯣꯕ
to,ꯒꯤ ꯃꯇꯨꯡ ꯏꯟꯅꯥ .
success,ꯃꯥꯏ ꯄꯥꯛꯄ
Episodes,ꯑꯦꯄꯤꯁꯣꯗꯁꯤꯡ
anxiety,ꯆꯔꯥꯡꯅꯕ
or,ꯅꯠꯇ꯭ꯔꯒ
depression,ꯋꯥꯈꯜ ꯑꯋꯥꯕ ꯈꯟꯖꯤꯟꯕ
can,ꯉꯝꯕ
be,ꯑꯣꯏꯌꯨ .
treated,ꯂꯥꯌꯦꯡꯈꯤꯕꯥ
symptomatically,ꯂꯥꯏꯑꯣꯡꯁꯤꯡ ꯑꯁꯤ .
433  Psychiatry  Team,꯴꯳꯳ꯒꯤ ꯁꯥꯏꯀꯤꯌꯥꯠꯔꯤ ꯇꯤꯝ
Personality  Disorders,ꯄꯔꯁꯣꯅꯦꯂꯤꯇꯤ ꯗꯤꯁꯑꯣꯔꯗꯔꯁꯤꯡ .
9,꯹ ꯑꯃꯁꯨꯡ ꯹.
P a g e,ꯄꯤ ꯑꯦ ꯖꯤ ꯏ .
Cluster,ꯃꯄꯩ
B,ꯕꯤ .
Type/,ꯃꯈꯜ/
Comparison,ꯆꯥꯡꯗꯝꯅꯕ
4),꯴) ꯑꯃꯁꯨꯡ ꯑꯦꯟ.
Antisocial,ꯑꯦꯟꯇꯤꯁꯣꯁꯤꯑꯦꯜ ꯑꯣꯏꯕꯥ .
Personality,ꯃꯤꯑꯣꯏ ꯑꯃꯒꯤ ꯃꯇꯤꯛ ꯃꯒꯨꯟ
Disorder,ꯗꯤꯁꯑꯣꯔꯗꯔ ꯂꯩꯕꯥ꯫
”important”,"""ꯃꯔꯨ ꯑꯣꯏꯕ"""
Features,ꯃꯑꯣꯡ ꯃꯇꯧ
[Diagnosis,[ꯗꯥꯏꯑꯦꯒ꯭ꯅꯣꯁꯤꯁ .
is,ꯑꯁꯤ ꯑꯥꯏ.ꯑꯦꯁ.
not,ꯅꯠꯇꯕ
made,ꯁꯥꯕ
before,ꯃꯃꯥꯡꯗ
the,ꯒꯤ ꯃꯇꯨꯡ ꯏꯟꯅꯥ .
age,ꯆꯍꯤ
18],꯱꯸] ꯒꯤ ꯃꯇꯨꯡ ꯏꯟꯅꯥ ꯑꯦꯟ.
Violation,ꯋꯥꯌꯦꯜ ꯆꯠꯊꯕꯥ
the,ꯒꯤ ꯃꯇꯨꯡ ꯏꯟꯅꯥ .
rights,ꯍꯀꯁꯤꯡꯒꯤ ꯃꯇꯥꯡꯗꯥ ꯌꯨ.ꯑꯦꯁ.
others,ꯑꯇꯣꯞꯄꯁꯤꯡꯅꯥ ꯑꯦꯝ.ꯑꯦꯁ.ꯑꯦꯝ.ꯏ.
and,ꯑꯃꯁꯨꯡ
conflicts,ꯋꯥꯊꯣꯀꯁꯤꯡ .
with,ꯂꯣꯏꯅꯅ
the,ꯒꯤ ꯃꯇꯨꯡ ꯏꯟꯅꯥ .
law,ꯑꯏꯟ
Lack,ꯌꯥꯎꯗꯕ
remorse,ꯔꯤꯃꯣꯔꯁ ꯇꯧꯕꯥ
and,ꯑꯃꯁꯨꯡ
guilt,ꯃꯔꯥꯜ ꯂꯩꯔꯕꯥ .
Lack,ꯌꯥꯎꯗꯕ
loyalty,ꯃꯄꯨ ꯅꯤꯡꯕꯒꯤ ꯒꯨꯟ
"(lying,","(ꯇꯨꯝꯗꯨꯅ ꯂꯩꯕ,"
exploiting,ꯑꯦꯛꯁꯞꯂꯣꯏꯇꯤꯡ ꯇꯧꯕꯥ
others...),ꯑꯇꯣꯞꯄꯥ...)
Failure,ꯃꯥꯏꯊꯤꯕ
to,ꯒꯤ ꯃꯇꯨꯡ ꯏꯟꯅꯥ .
learn,ꯇꯝꯕ
from,ꯗꯒꯤ
experience,ꯊꯦꯡꯅꯔꯛꯈꯤꯕ
Impulsive,ꯏꯝꯄꯂꯁꯤꯕ ꯑꯣꯏꯕꯥ ꯌꯥꯏ꯫
behavior,ꯂꯤꯆꯠ ꯁꯥꯖꯠ
&,ꯑꯃꯁꯨꯡ ꯑꯃꯁꯨꯡ ꯑꯦꯟ.
failure,ꯃꯥꯏꯊꯤꯕ
to,ꯒꯤ ꯃꯇꯨꯡ ꯏꯟꯅꯥ .
plan,ꯊꯧꯔꯥꯡ
ahead,ꯃꯃꯥꯡ ꯊꯥꯅ
Tendency,ꯃꯇꯧ ꯑꯃ ꯑꯣꯏꯒꯟꯕꯒꯤ ꯆꯥꯡ
to,ꯒꯤ ꯃꯇꯨꯡ ꯏꯟꯅꯥ .
violence,ꯈꯠꯅ ꯆꯩꯅꯕ
&,ꯑꯃꯁꯨꯡ ꯑꯃꯁꯨꯡ ꯑꯦꯟ.
Consistent,ꯍꯣꯡꯕ ꯅꯥꯏꯗꯕ
irresponsibility,ꯏꯔꯦꯁ꯭ꯄꯣꯟꯁꯤꯕꯤꯂꯤꯇꯤ ꯂꯩꯕꯥ
Differential,ꯗꯤꯐꯦꯟꯁꯔꯤ ꯑꯣꯏꯕꯥ ꯌꯥꯏ꯫
Diagnosis,ꯗꯥꯏꯑꯦꯒ꯭ꯅꯣꯁꯤꯁ ꯇꯧꯕꯥ
1.Substance,꯱.ꯁꯕꯁ꯭ꯇꯦꯟꯁ ꯂꯩꯕꯥ .
abuse:,ꯆꯩꯕ:
it,ꯃꯁꯤ
may,ꯑꯣꯏꯕ ꯌꯥꯏ
be,ꯑꯣꯏꯌꯨ .
comorbidity,ꯀꯣꯃꯣꯔꯕꯤꯗꯤꯇꯤ .
primary,ꯃꯔꯨ ꯑꯣꯏꯕ
or,ꯅꯠꯇ꯭ꯔꯒ
secondary,ꯁꯦꯀꯦꯟꯗꯔꯤ ꯑꯣꯏꯕꯥ .
to,ꯒꯤ ꯃꯇꯨꯡ ꯏꯟꯅꯥ .
antisocial,ꯑꯦꯟꯇꯤꯁꯣꯁꯤꯑꯦꯜ ꯑꯣꯏꯕꯥ .
behavior,ꯂꯤꯆꯠ ꯁꯥꯖꯠ
2.Mental,꯲.ꯃꯦꯟꯇꯦꯜ ꯑꯣꯏꯕꯥ .
sub,ꯁꯕ-ꯁꯤ.
normality,ꯅꯣꯔꯃꯦꯂꯤꯇꯤ ꯂꯩꯕꯥ .
3,꯳ ꯑꯃꯁꯨꯡ ꯳.
Borderline,ꯕꯣꯔꯗꯔꯂꯥꯏꯟ
personality,ꯃꯤꯑꯣꯏ ꯑꯃꯒꯤ ꯃꯇꯤꯛ ꯃꯒꯨꯟ
disorder,ꯗꯤꯁꯑꯣꯔꯗꯔ ꯂꯩꯕꯥ꯫
(coexistence,(ꯀꯣꯁꯤꯁ꯭ꯇꯦꯟꯁꯤ .
is,ꯑꯁꯤ ꯑꯥꯏ.ꯑꯦꯁ.
common),ꯃꯥꯟꯅꯅ ꯑꯣꯏꯒꯟꯕ)
4.Psychotic,꯴.ꯁꯥꯏꯀꯣꯇꯤꯛ ꯑꯣꯏꯕꯥ .
disorders,ꯗꯤꯁꯑꯣꯔꯗꯔꯁꯤꯡ ꯑꯁꯤ .
"mania,","ꯃꯅꯤꯌꯥ, ꯴."
schizophrenia...),ꯁ꯭ꯀꯤꯖꯣꯐ꯭ꯔꯦꯅꯤꯌꯥ...)
Coping,ꯀꯣꯄꯤꯡ ꯇꯧꯕꯥ
Style,ꯃꯑꯣꯡ
Seeks,ꯊꯤꯕꯥ .
"advantage,","ꯀꯥꯟꯅꯕ ꯐꯪꯕ,"
"freedom,","ꯃꯅꯤꯡ ꯇꯝꯕ,"
and,ꯑꯃꯁꯨꯡ
autonomy,ꯑꯇꯣꯅꯣꯃꯤ
Defense,ꯗꯤꯐꯦꯟꯁ ꯇꯧꯕꯥ
Mechanisms,ꯃꯦꯀꯥꯅꯤꯖꯃꯁꯤꯡ ꯑꯁꯤ ꯑꯦꯝ.ꯑꯦꯁ.ꯑꯦꯝ.ꯏ.
"Splitting,","ꯁ꯭ꯞꯂꯤꯇꯤꯡ ꯇꯧꯕꯥ, ꯴."
Isolation,ꯑꯥꯏꯁꯣꯂꯦꯁꯟ ꯇꯧꯕꯥ
affect,ꯁꯣꯛꯍꯟꯕ
Acting,ꯑꯦꯛꯇꯤꯡ ꯇꯧꯕꯥ
out:,ꯃꯄꯥꯟ:
Expression,ꯐꯣꯡꯗꯣꯛꯄ
in,ꯏꯟ ꯲꯰꯲꯰ꯗꯥ ꯑꯥꯏ.ꯑꯦꯟ.
action/behavior,ꯑꯦꯛꯁꯟ/ꯕꯤꯍꯦꯕꯤꯌꯔ ꯑꯣꯏꯕꯥ .
rather,ꯃꯗꯨꯒꯤ ꯃꯍꯨꯠꯇ
than,ꯊꯥꯟ .
in,ꯏꯟ ꯲꯰꯲꯰ꯗꯥ ꯑꯥꯏ.ꯑꯦꯟ.
words/emotions,ꯋꯥꯍꯩꯁꯤꯡ/ꯏꯃꯣꯁꯅꯁꯤꯡ .
Treatment,ꯂꯥꯏꯌꯦꯡꯕ
Psychological,ꯁꯥꯏꯀꯣꯂꯣꯖꯤꯀꯦꯜ ꯑꯣꯏꯕꯥ .
treatment,ꯂꯥꯏꯌꯦꯡꯕ
(group,(ꯀꯥꯡꯂꯨꯞ
therapy,ꯊꯦꯔꯥꯄꯤ ꯇꯧꯕꯥ
is,ꯑꯁꯤ ꯑꯥꯏ.ꯑꯦꯁ.
more,ꯑꯍꯦꯟꯕ
helpful,ꯃꯇꯦꯡ ꯑꯣꯏꯕ
than,ꯊꯥꯟ .
individual,ꯃꯤꯑꯣꯏ ꯑꯃꯃꯝ
therapy,ꯊꯦꯔꯥꯄꯤ ꯇꯧꯕꯥ
particularly,ꯃꯔꯨ ꯑꯣꯏꯅ
if,ꯀꯔꯤꯒꯨꯝꯕ
patients,ꯄꯦꯁꯦꯟꯇꯁꯤꯡꯅꯥ ꯑꯦꯟ.ꯗꯤ.ꯑꯦ.
are,ꯑꯁꯤ .
"immobilized,","ꯏꯃꯣꯕꯤꯂꯥꯏꯖ ꯇꯧꯔꯕꯥ, ꯑꯃꯁꯨꯡ ꯑꯦꯝ."
e.g,ꯏ.ꯖꯤ.
placed,ꯊꯃꯈꯤꯕꯥ .
in,ꯏꯟ ꯲꯰꯲꯰ꯗꯥ ꯑꯥꯏ.ꯑꯦꯟ.
"hospitals),",ꯍꯣꯁ꯭ꯄꯤꯇꯥꯂꯁꯤꯡ) ꯑꯃꯁꯨꯡ ꯑꯦꯝ.
firm,ꯆꯦꯠꯄ
limits,ꯂꯤꯃꯤꯠꯁꯤꯡ ꯑꯁꯤ .
are,ꯑꯁꯤ .
essential,ꯇꯉꯥꯏ ꯐꯗꯕ
Therapeutic,ꯊꯦꯔꯥꯞꯌꯨꯇꯤꯛ ꯑꯣꯏꯕꯥ .
community,ꯈꯨꯟꯅꯥꯏ
or,ꯅꯠꯇ꯭ꯔꯒ
long-­‐term,ꯂꯣꯡ-ꯇꯔꯝ .
hospitalization,ꯍꯣꯁ꯭ꯄꯤꯇꯥꯂꯗꯥ ꯂꯩꯕꯥ ꯌꯨ.ꯑꯦꯁ.
is,ꯑꯁꯤ ꯑꯥꯏ.ꯑꯦꯁ.
sometimes,ꯀꯔꯤꯒꯨꯝꯕ ꯃꯇꯝꯗ
effective,ꯀꯥꯟꯅꯕ
Treatment,ꯂꯥꯏꯌꯦꯡꯕ
substance,ꯄꯣꯠꯂꯝ
abuse,ꯆꯩꯕ
often,ꯇꯠꯇꯅ
effectively,ꯏꯐꯦꯛꯇꯤꯕ ꯑꯣꯏꯅꯥ [...]
reduces,ꯍꯟꯊꯔꯀꯏ ꯫
antisocial,ꯑꯦꯟꯇꯤꯁꯣꯁꯤꯑꯦꯜ ꯑꯣꯏꯕꯥ .
attitude,ꯉꯛ ꯀꯟꯕ
and,ꯑꯃꯁꯨꯡ
tendency,ꯃꯇꯧ ꯑꯃ ꯑꯣꯏꯒꯟꯕꯒꯤ ꯆꯥꯡ
433  Psychiatry  Team,꯴꯳꯳ꯒꯤ ꯁꯥꯏꯀꯤꯌꯥꯠꯔꯤ ꯇꯤꯝ
Personality  Disorders,ꯄꯔꯁꯣꯅꯦꯂꯤꯇꯤ ꯗꯤꯁꯑꯣꯔꯗꯔꯁꯤꯡ .
10,꯱꯰ ꯑꯃꯁꯨꯡ ꯱꯰.
P a g e,ꯄꯤ ꯑꯦ ꯖꯤ ꯏ .
Cluster,ꯃꯄꯩ
C,ꯁꯤ .
Type/,ꯃꯈꯜ/
Comparison,ꯆꯥꯡꯗꯝꯅꯕ
1),꯱) ꯑꯃꯁꯨꯡ ꯑꯦꯟ.
Dependent,ꯗꯤꯄꯦꯟꯗꯦꯟꯇ ꯑꯣꯏꯕꯥ .
Personality,ꯃꯤꯑꯣꯏ ꯑꯃꯒꯤ ꯃꯇꯤꯛ ꯃꯒꯨꯟ
Disorder,ꯗꯤꯁꯑꯣꯔꯗꯔ ꯂꯩꯕꯥ꯫
Diagnostic,ꯗꯥꯏꯒ꯭ꯅꯣꯁ꯭ꯇꯤꯛ ꯑꯣꯏꯕꯥ .
Criteria,ꯃꯊꯧ ꯇꯥꯕ ꯍꯤꯔꯝ
Diagnostic,ꯗꯥꯏꯒ꯭ꯅꯣꯁ꯭ꯇꯤꯛ ꯑꯣꯏꯕꯥ .
criteria:,ꯃꯊꯧ ꯇꯥꯕ ꯍꯤꯔꯝ:
a,ꯑꯃ
pervasive,ꯄꯥꯔꯚꯥꯁꯤꯕ ꯑꯣꯏꯕꯥ .
"dependence,","ꯗꯤꯄꯦꯟꯗꯦꯟꯁ, ꯳."
clinging,ꯀ꯭ꯂꯤꯡ ꯇꯧꯕꯥ .
"behavior,","ꯂꯤꯆꯠ ꯁꯥꯖꯠ,"
and,ꯑꯃꯁꯨꯡ
fears,ꯑꯀꯤꯕꯥ ꯄꯣꯀꯄꯥ
separation,ꯇꯣꯈꯥꯏꯅꯥ ꯂꯩꯕꯥ .
indicated,ꯇꯥꯀꯄꯥ .
by,ꯗ꯭ꯕꯥꯔꯥ .
≥,≥ ꯒꯤ ꯑꯣꯏꯕꯥ ꯌꯥꯏ꯫
5,꯵ ꯑꯃꯁꯨꯡ ꯵.
of:,ꯑꯣꯐ: ꯱.
1,꯱.
Difficulty,ꯑꯋꯥꯕꯥ ꯇꯥꯔꯕꯥ
making,ꯁꯦꯝꯕꯥ .
personal,ꯃꯁꯥꯒꯤ ꯑꯣꯏꯕ
decisions,ꯋꯥꯔꯦꯄꯁꯤꯡ ꯂꯧꯕꯥ .
without,ꯌꯥꯎꯗꯅ
excessive,ꯑꯍꯦꯟꯕ ꯃꯇꯧ
amount,ꯁꯦꯟꯐꯝ
advice,ꯄꯥꯎꯇꯥꯛ
and,ꯑꯃꯁꯨꯡ
reassurance,ꯔꯤꯑꯦꯁ꯭ꯁꯨꯔꯦꯟꯁ ꯇꯧꯕꯥ
from,ꯗꯒꯤ
others,ꯑꯇꯣꯞꯄꯁꯤꯡꯅꯥ ꯑꯦꯝ.ꯑꯦꯁ.ꯑꯦꯝ.ꯏ.
2,꯲ ꯑꯃꯁꯨꯡ ꯲.
Needs,ꯗꯔꯀꯥꯔ ꯑꯣꯏꯕꯁꯤꯡ
others,ꯑꯇꯣꯞꯄꯁꯤꯡꯅꯥ ꯑꯦꯝ.ꯑꯦꯁ.ꯑꯦꯝ.ꯏ.
to,ꯒꯤ ꯃꯇꯨꯡ ꯏꯟꯅꯥ .
assume,ꯑꯣꯏꯒꯅꯤ ꯈꯟꯕ
responsibilities,ꯔꯦꯁ꯭ꯄꯣꯟꯁꯤꯕꯤꯂꯤꯇꯤꯁꯤꯡ .
for,ꯒꯤꯗꯃꯛ ꯑꯦꯟ.ꯗꯤ.ꯑꯦ.
most,ꯑꯌꯥꯝꯕ
areas,ꯃꯐꯃꯁꯤꯡ ꯑꯁꯤꯒꯤ ꯃꯇꯥꯡꯗꯥ .
his/,ꯃꯍꯥꯛꯀꯤ/
her,ꯃꯍꯥꯛ
life,ꯄꯨꯟꯁꯤ
3,꯳ ꯑꯃꯁꯨꯡ ꯳.
Difficulty,ꯑꯋꯥꯕꯥ ꯇꯥꯔꯕꯥ
expressing,ꯑꯦꯛꯁꯞꯔꯦꯁ ꯇꯧꯕꯥ
disagreement,ꯌꯥꯅꯤꯡꯗꯕꯥ ꯐꯣꯡꯗꯣꯀꯄꯥ
because,ꯃꯔꯝꯗꯤ
fear,ꯑꯀꯤꯕ
loss,ꯃꯥꯡꯖꯕ
support,ꯁꯧꯒꯠꯄ
and,ꯑꯃꯁꯨꯡ
approval,ꯑꯌꯥꯕ
(unassertive),(ꯑꯅꯥꯁꯦꯔꯇꯤꯕ) ꯑꯃꯁꯨꯡ ꯑꯦꯝ.
4,꯴ ꯑꯃꯁꯨꯡ ꯴.
Difficulty,ꯑꯋꯥꯕꯥ ꯇꯥꯔꯕꯥ
doing,ꯇꯧꯔꯤ
things,ꯄꯣꯠꯂꯝꯁꯤꯡ
on,on ꯒꯤ ꯃꯊꯛꯇꯥ ꯂꯩꯕꯥ꯫
his/her,ꯃꯍꯥꯛꯀꯤ/ꯃꯍꯥꯛꯀꯤ .
own,ꯏꯁꯥꯒꯤ ꯑꯣꯏꯕ
or,ꯅꯠꯇ꯭ꯔꯒ
initiating,ꯍꯧꯗꯣꯀꯄꯥ
projects,ꯄ꯭ꯔꯣꯖꯦꯛꯇꯁꯤꯡ ꯑꯁꯤ ꯑꯦꯟ.ꯗꯤ.ꯑꯦ.
because,ꯃꯔꯝꯗꯤ
lack,ꯌꯥꯎꯗꯕ
self-­‐,ꯁꯦꯜꯐ-‐
confidence,ꯊꯥꯖꯕ
5,꯵ ꯑꯃꯁꯨꯡ ꯵.
Goes,ꯆꯠꯂꯤ
to,ꯒꯤ ꯃꯇꯨꯡ ꯏꯟꯅꯥ .
excessive,ꯑꯍꯦꯟꯕ ꯃꯇꯧ
lengths,ꯂꯝꯕꯤ ꯆꯠꯄꯥ ꯌꯥꯏ꯫
to,ꯒꯤ ꯃꯇꯨꯡ ꯏꯟꯅꯥ .
obtain,ꯐꯪꯕ
support,ꯁꯧꯒꯠꯄ
from,ꯗꯒꯤ
others,ꯑꯇꯣꯞꯄꯁꯤꯡꯅꯥ ꯑꯦꯝ.ꯑꯦꯁ.ꯑꯦꯝ.ꯏ.
(doing,(ꯇꯧꯔꯤ
unpleasant,ꯑꯁꯣꯅꯕꯥ ꯂꯩꯇꯕꯥ .
things),ꯄꯣꯠꯂꯝꯁꯤꯡ)
6,꯶ ꯑꯃꯁꯨꯡ ꯶.
Feels,ꯐꯤꯂꯁ .
uncomfortable,ꯑꯅꯀꯃꯐꯣꯔꯇꯦꯕꯜ ꯑꯣꯏꯕꯥ .
or,ꯅꯠꯇ꯭ꯔꯒ
helpless,ꯃꯇꯦꯡ ꯄꯥꯡꯗꯕꯥ
when,ꯀꯔꯝꯕ ꯃꯇꯝꯗ
alone,ꯃꯊꯟꯇ
7,꯷ ꯑꯃꯁꯨꯡ ꯷.
Urgently,ꯈꯨꯗꯛꯇꯥ .
seeks,ꯊꯤꯕꯥ .
another,ꯑꯇꯣꯞꯄ ꯑꯃ
relationship,ꯃꯔꯤ
as,ꯑꯣꯏꯅ
a,ꯑꯃ
source,ꯍꯣꯔꯛꯐꯝ
support,ꯁꯧꯒꯠꯄ
when,ꯀꯔꯝꯕ ꯃꯇꯝꯗ
one,ꯑꯃ
ends,ꯂꯣꯏꯕꯥ
8,꯸ ꯑꯃꯁꯨꯡ ꯸.
Preoccupied,ꯄ꯭ꯔꯤꯑꯣꯛꯌꯨꯄꯦꯁꯟ ꯇꯧꯕꯥ
with,ꯂꯣꯏꯅꯅ
fears,ꯑꯀꯤꯕꯥ ꯄꯣꯀꯄꯥ
being,ꯑꯣꯏꯕ
left,ꯂꯦꯝꯍꯧꯕ
to,ꯒꯤ ꯃꯇꯨꯡ ꯏꯟꯅꯥ .
take,ꯂꯧꯕ
care,ꯀꯦꯌꯔ .
self,ꯝꯁꯥꯒꯤ
Anyone,ꯃꯤꯑꯣꯏ ꯑꯃꯍꯦꯛꯇ
in,ꯏꯟ ꯲꯰꯲꯰ꯗꯥ ꯑꯥꯏ.ꯑꯦꯟ.
an,ꯑꯃ
abusive,ꯑꯦꯕ꯭ꯌꯨꯖ ꯇꯧꯕꯥ
"relationship,","ꯃꯔꯤ,"
typically,ꯃꯍꯧꯁꯥꯅꯥ .
has,ꯂꯩꯕꯥ .
the,ꯒꯤ ꯃꯇꯨꯡ ꯏꯟꯅꯥ .
dependent,ꯗꯤꯄꯦꯟꯗꯦꯟꯇ ꯑꯣꯏꯕꯥ .
PD,ꯄꯤ.ꯗꯤ.
Epidemiology,ꯏꯄꯤꯗꯦꯃꯤꯑꯣꯂꯣꯖꯤ .
Prevalence=1%,ꯄ꯭ꯔꯤꯚꯦꯂꯦꯟꯁ=꯱% .
Women,ꯅꯨꯄꯤ
men,ꯅꯨꯄꯥꯁꯤꯡꯅꯥ .
Persons,ꯃꯤꯑꯣꯏꯁꯤꯡ .
with,ꯂꯣꯏꯅꯅ
chronic,ꯀ꯭ꯔꯣꯅꯤꯛ ꯑꯣꯏꯕꯥ .
physical,ꯍꯛꯆꯥꯡꯒꯤ ꯑꯣꯏꯕ
illness,ꯑꯅꯥꯕ
in,ꯏꯟ ꯲꯰꯲꯰ꯗꯥ ꯑꯥꯏ.ꯑꯦꯟ.
childhood,ꯑꯉꯥꯡ ꯑꯣꯏꯔꯤꯉꯩ ꯃꯇꯝ
may,ꯑꯣꯏꯕ ꯌꯥꯏ
be,ꯑꯣꯏꯌꯨ .
most,ꯑꯌꯥꯝꯕ
susceptible,ꯁꯁ꯭ꯄꯦꯛꯇꯤꯕ ꯑꯣꯏꯕꯥ ꯌꯥꯏ꯫
to,ꯒꯤ ꯃꯇꯨꯡ ꯏꯟꯅꯥ .
the,ꯒꯤ ꯃꯇꯨꯡ ꯏꯟꯅꯥ .
disorder,ꯗꯤꯁꯑꯣꯔꯗꯔ ꯂꯩꯕꯥ꯫
Differential,ꯗꯤꯐꯦꯟꯁꯔꯤ ꯑꯣꯏꯕꯥ ꯌꯥꯏ꯫
Diagnosis,ꯗꯥꯏꯑꯦꯒ꯭ꯅꯣꯁꯤꯁ ꯇꯧꯕꯥ
1.Avoidant,꯱.ꯑꯦꯕꯣꯏꯗꯦꯟꯇ ꯑꯣꯏꯕꯥ .
Personality,ꯃꯤꯑꯣꯏ ꯑꯃꯒꯤ ꯃꯇꯤꯛ ꯃꯒꯨꯟ
Disorder,ꯗꯤꯁꯑꯣꯔꯗꯔ ꯂꯩꯕꯥ꯫
2,꯲ ꯑꯃꯁꯨꯡ ꯲.
"Agoraphobia,","ꯑꯒꯣꯔꯥꯐꯣꯕꯤꯌꯥ, ꯑꯃꯁꯨꯡ ꯑꯦꯝ."
they’re,ꯃꯈꯣꯌ’ꯅꯤ꯫
prone,ꯎꯄꯄ꯭ꯔꯥꯡꯅꯅ ꯍꯤꯞꯄ
to,ꯒꯤ ꯃꯇꯨꯡ ꯏꯟꯅꯥ .
have,ꯂꯩꯕꯥ ꯌꯥꯏ ꯫
agoraphobia,ꯑꯒꯣꯔꯥꯐꯣꯕꯤꯌꯥ
(it,(ꯃꯁꯤ
may,ꯑꯣꯏꯕ ꯌꯥꯏ
coexist),ꯀꯣ-ꯑꯦꯛꯁꯤꯁ꯭ꯠ ꯇꯧꯕꯥ)꯫
Defense,ꯗꯤꯐꯦꯟꯁ ꯇꯧꯕꯥ
mechanisms,ꯃꯦꯀꯥꯅꯤꯖꯃꯁꯤꯡ ꯑꯁꯤ ꯑꯦꯝ.ꯑꯦꯁ.ꯑꯦꯝ.ꯏ.
1-­‐Idealization,꯱-‐ꯑꯥꯏꯗꯤꯌꯥꯂꯥꯏꯖꯦꯁꯟ .
others,ꯑꯇꯣꯞꯄꯁꯤꯡꯅꯥ ꯑꯦꯝ.ꯑꯦꯁ.ꯑꯦꯝ.ꯏ.
(protective...),(ꯄ꯭ꯔꯣꯇꯦꯛꯇꯤꯕ ꯑꯣꯏꯕꯥ...)
2-­‐Regression,꯲-‐ꯔꯤꯒ꯭ꯔꯦꯁꯟ ꯇꯧꯕꯥ .
3-­‐Projective,꯳-‐ꯄ꯭ꯔꯣꯖꯦꯛꯇꯤꯚ ꯑꯣꯏꯕꯥ .
Identification,ꯃꯁꯛ ꯈꯉꯗꯣꯀꯄꯥ .
Treatment,ꯂꯥꯏꯌꯦꯡꯕ
1.Insight-­‐oriented,꯱.ꯏꯅꯁꯥꯏꯠ-‐ꯑꯣꯔꯤꯑꯦꯟꯇꯦꯗ ꯑꯣꯏꯕꯥ .
therapies,ꯊꯦꯔꯥꯄꯤꯁꯤꯡ .
&,ꯑꯃꯁꯨꯡ ꯑꯃꯁꯨꯡ ꯑꯦꯟ.
behavior,ꯂꯤꯆꯠ ꯁꯥꯖꯠ
therapy,ꯊꯦꯔꯥꯄꯤ ꯇꯧꯕꯥ
enable,ꯌꯥꯍꯟꯕ
patients,ꯄꯦꯁꯦꯟꯇꯁꯤꯡꯅꯥ ꯑꯦꯟ.ꯗꯤ.ꯑꯦ.
to,ꯒꯤ ꯃꯇꯨꯡ ꯏꯟꯅꯥ .
become,ꯑꯣꯏꯔꯛꯄ
more,ꯑꯍꯦꯟꯕ
"independent,","ꯃꯅꯤꯡ ꯇꯝꯕ,"
"assertive,","ꯑꯇꯣꯞꯄꯕꯨ ꯁꯨꯝꯍꯠꯄ ꯃꯒꯨꯟ ꯆꯦꯟꯕ ꯃꯤꯑꯣꯏ,"
and,ꯑꯃꯁꯨꯡ
self-­‐reliant,ꯁꯦꯜꯐ--ꯔꯤꯂꯤꯌꯦꯟꯇ ꯑꯣꯏꯕꯥ .
2.Medications;,꯲.ꯃꯦꯗꯤꯀꯦꯁꯅꯁꯤꯡ;
to,ꯒꯤ ꯃꯇꯨꯡ ꯏꯟꯅꯥ .
deal,ꯊꯦꯡꯅꯕ
with,ꯂꯣꯏꯅꯅ
specific,ꯑꯀꯛꯅꯕ
"symptoms,","ꯂꯥꯏꯑꯣꯡ,"
such,ꯑꯁꯤꯒꯨꯝꯕ
as,ꯑꯣꯏꯅ
anxiety,ꯆꯔꯥꯡꯅꯕ
and,ꯑꯃꯁꯨꯡ
"depression,","ꯋꯥꯈꯜ ꯑꯋꯥꯕ ꯈꯟꯖꯤꯟꯕ,"
which,ꯀꯔꯝꯕ
are,ꯑꯁꯤ .
common,ꯃꯥꯟꯅꯅ ꯑꯣꯏꯒꯟꯕ
associated,ꯃꯔꯤ ꯂꯩꯟꯕ
features,ꯃꯑꯣꯡ ꯃꯇꯧ
433  Psychiatry  Team,꯴꯳꯳ꯒꯤ ꯁꯥꯏꯀꯤꯌꯥꯠꯔꯤ ꯇꯤꯝ
Personality  Disorders,ꯄꯔꯁꯣꯅꯦꯂꯤꯇꯤ ꯗꯤꯁꯑꯣꯔꯗꯔꯁꯤꯡ .
11,꯱꯱ ꯑꯃꯁꯨꯡ ꯱꯱꯫
P a g e,ꯄꯤ ꯑꯦ ꯖꯤ ꯏ .
Cluster,ꯃꯄꯩ
C,ꯁꯤ .
Type/,ꯃꯈꯜ/
Comparison,ꯆꯥꯡꯗꯝꯅꯕ
2),꯲) ꯑꯃꯁꯨꯡ ꯑꯦꯟ.
Avoidant,ꯑꯦꯕꯣꯏꯁꯟ ꯇꯧꯕꯥ
Personality,ꯃꯤꯑꯣꯏ ꯑꯃꯒꯤ ꯃꯇꯤꯛ ꯃꯒꯨꯟ
Disorder,ꯗꯤꯁꯑꯣꯔꯗꯔ ꯂꯩꯕꯥ꯫
Diagnostic,ꯗꯥꯏꯒ꯭ꯅꯣꯁ꯭ꯇꯤꯛ ꯑꯣꯏꯕꯥ .
Criteria,ꯃꯊꯧ ꯇꯥꯕ ꯍꯤꯔꯝ
A,ꯑꯃ
pervasive,ꯄꯥꯔꯚꯥꯁꯤꯕ ꯑꯣꯏꯕꯥ .
pattern,ꯃꯑꯣꯡ ꯃꯇꯧ
social,ꯈꯨꯟꯅꯥꯏ
"inhibition,","ꯏꯅꯍꯤꯕꯤꯁꯟ, ."
feelings,ꯐꯤꯜꯂꯤꯡꯁꯤꯡ .
"inadequacy,","ꯃꯇꯤꯛ ꯆꯥꯗꯕꯥ, ."
and,ꯑꯃꯁꯨꯡ
hypersensitivity,ꯍꯥꯏꯄꯔꯁꯦꯟꯁꯤꯇꯤꯕ ꯑꯣꯏꯕꯥ .
to,ꯒꯤ ꯃꯇꯨꯡ ꯏꯟꯅꯥ .
negative,ꯐꯠꯇꯕ
"evaluation,","ꯔꯥꯏ ꯇꯥꯊꯣꯛꯄ,"
as,ꯑꯣꯏꯅ
indicated,ꯇꯥꯀꯄꯥ .
by,ꯗ꯭ꯕꯥꯔꯥ .
≥,≥ ꯒꯤ ꯑꯣꯏꯕꯥ ꯌꯥꯏ꯫
4,꯴ ꯑꯃꯁꯨꯡ ꯴.
the,ꯒꯤ ꯃꯇꯨꯡ ꯏꯟꯅꯥ .
following:,ꯇꯨꯡ ꯏꯅꯕ:
1,꯱.
Avoids,ꯑꯦꯕꯣꯏꯗ ꯇꯧꯕꯥ
occupational,ꯑꯣꯛꯌꯨꯄꯦꯁꯅꯦꯜ ꯑꯣꯏꯕꯥ .
activities,ꯊꯕꯛ ꯊꯧꯔꯡꯁꯤꯡ
that,ꯃꯗꯨ
involve,ꯃꯅꯨꯘ ꯆꯟꯕ
significant,ꯃꯁꯛ ꯊꯣꯛꯄ
interpersonal,ꯏꯟꯇꯔꯄꯔꯁꯣꯅꯦꯜ ꯑꯣꯏꯕꯥ .
"contact,","ꯄꯥꯎ ꯐꯥꯎꯕ,"
because,ꯃꯔꯝꯗꯤ
fears,ꯑꯀꯤꯕꯥ ꯄꯣꯀꯄꯥ
"criticism,","ꯐꯩ ꯐꯠꯇꯦ ꯅꯩꯟꯕ,"
"disapproval,","ꯗꯤꯁꯑꯦꯕꯜ ꯑꯣꯏꯕꯥ, ."
or,ꯅꯠꯇ꯭ꯔꯒ
rejection,ꯔꯤꯖꯦꯛꯁꯟ ꯇꯧꯕꯥ
(Their,(ꯃꯈꯣꯏꯒꯤ
biggest,ꯈ꯭ꯕꯥꯏꯗꯒꯤ ꯆꯥꯎꯕꯥ .
problem,ꯁꯤꯡꯅꯕ
is,ꯑꯁꯤ ꯑꯥꯏ.ꯑꯦꯁ.
the,ꯒꯤ ꯃꯇꯨꯡ ꯏꯟꯅꯥ .
fear,ꯑꯀꯤꯕ
rejection),ꯔꯤꯖꯦꯛꯁꯟ ꯇꯧꯕꯥ)꯫
2,꯲ ꯑꯃꯁꯨꯡ ꯲.
Is,ꯑꯁꯤ ꯑꯥꯏ.ꯑꯦꯁ.
unwilling,ꯑꯅꯏꯂꯤꯡ ꯑꯣꯏꯕꯥ .
to,ꯒꯤ ꯃꯇꯨꯡ ꯏꯟꯅꯥ .
get,ꯐꯪꯕ
involved,ꯁꯔꯨꯛ ꯌꯥꯈꯤꯕ
with,ꯂꯣꯏꯅꯅ
people,ꯃꯤꯌꯥꯝ
unless,ꯑꯣꯏꯗꯔꯤꯕ ꯐꯥꯎꯕ
certain,ꯑꯀꯛꯅꯕ
being,ꯑꯣꯏꯕ
liked,ꯂꯥꯏꯛ ꯇꯧꯈꯤꯕꯥ
3,꯳ ꯑꯃꯁꯨꯡ ꯳.
Shows,ꯁꯣꯁꯤꯡ ꯑꯁꯤ .
restraint,ꯔꯤꯁ꯭ꯠꯔꯀꯆꯔ ꯇꯧꯕꯥ
within,ꯀꯔꯒꯨꯝꯕꯒꯤ ꯃꯅꯨꯡꯗ
intimate,ꯅꯛꯁꯤꯟꯅꯕ
relationships,ꯃꯔꯤ ꯂꯩꯅꯕꯥ ꯋꯥꯐꯃꯁꯤꯡ .
because,ꯃꯔꯝꯗꯤ
the,ꯒꯤ ꯃꯇꯨꯡ ꯏꯟꯅꯥ .
fear,ꯑꯀꯤꯕ
being,ꯑꯣꯏꯕ
ridiculed,ꯂꯥꯟꯅꯥ ꯂꯃꯖꯤꯡꯈꯤꯕꯥ
4,꯴ ꯑꯃꯁꯨꯡ ꯴.
Is,ꯑꯁꯤ ꯑꯥꯏ.ꯑꯦꯁ.
preoccupied,ꯄ꯭ꯔꯤꯑꯣꯛꯌꯨꯄꯦꯁꯟ ꯇꯧꯕꯥ
with,ꯂꯣꯏꯅꯅ
being,ꯑꯣꯏꯕ
criticized,ꯀ꯭ꯔꯤꯇꯤꯀꯦꯜ ꯑꯣꯏꯅꯥ ꯂꯧꯕꯥ ꯌꯥꯏ꯫
or,ꯅꯠꯇ꯭ꯔꯒ
rejected,ꯔꯤꯖꯦꯛꯇ ꯇꯧꯈꯤꯕꯥ
in,ꯏꯟ ꯲꯰꯲꯰ꯗꯥ ꯑꯥꯏ.ꯑꯦꯟ.
social,ꯈꯨꯟꯅꯥꯏ
situations,ꯐꯤꯚꯃꯁꯤꯡ ꯑꯁꯤ .
5,꯵ ꯑꯃꯁꯨꯡ ꯵.
Is,ꯑꯁꯤ ꯑꯥꯏ.ꯑꯦꯁ.
inhibited,ꯏꯅꯍꯤꯕꯤꯠ ꯇꯧꯕꯥ
in,ꯏꯟ ꯲꯰꯲꯰ꯗꯥ ꯑꯥꯏ.ꯑꯦꯟ.
new,ꯑꯅꯧꯕ
interpersonal,ꯏꯟꯇꯔꯄꯔꯁꯣꯅꯦꯜ ꯑꯣꯏꯕꯥ .
situations,ꯐꯤꯚꯃꯁꯤꯡ ꯑꯁꯤ .
because,ꯃꯔꯝꯗꯤ
feelings,ꯐꯤꯜꯂꯤꯡꯁꯤꯡ .
inadequacy,ꯃꯇꯤꯛ ꯆꯥꯗꯕꯥ .
6,꯶ ꯑꯃꯁꯨꯡ ꯶.
Views,ꯌꯦꯡꯕꯥ ꯌꯥꯕꯥ ꯃꯐꯃꯁꯤꯡ
self,ꯝꯁꯥꯒꯤ
as,ꯑꯣꯏꯅ
socially,ꯁꯣꯁꯤꯌꯦꯜ ꯑꯣꯏꯅꯥ ꯑꯦꯝ .
"inept,","ꯏꯅꯑꯦꯞꯇ ꯇꯧꯕꯥ, ."
personally,ꯄꯔꯁꯣꯅꯦꯜ ꯑꯣꯏꯅꯥ .
"unappealing,","ꯑꯅꯑꯦꯄꯤꯂꯤꯡ ꯇꯧꯕꯥ, ."
or,ꯅꯠꯇ꯭ꯔꯒ
inferior,ꯏꯅꯐꯦꯔꯤꯌꯔ ꯑꯣꯏꯕꯥ .
to,ꯒꯤ ꯃꯇꯨꯡ ꯏꯟꯅꯥ .
others,ꯑꯇꯣꯞꯄꯁꯤꯡꯅꯥ ꯑꯦꯝ.ꯑꯦꯁ.ꯑꯦꯝ.ꯏ.
7,꯷ ꯑꯃꯁꯨꯡ ꯷.
Is,ꯑꯁꯤ ꯑꯥꯏ.ꯑꯦꯁ.
unusually,ꯑꯆꯝꯕꯥ ꯃꯑꯣꯡꯗꯥ .
reluctant,ꯈꯅꯖꯥꯅꯕ
to,ꯒꯤ ꯃꯇꯨꯡ ꯏꯟꯅꯥ .
take,ꯂꯧꯕ
personal,ꯃꯁꯥꯒꯤ ꯑꯣꯏꯕ
risks,ꯔꯤꯁ꯭ꯀꯁꯤꯡ .
or,ꯅꯠꯇ꯭ꯔꯒ
to,ꯒꯤ ꯃꯇꯨꯡ ꯏꯟꯅꯥ .
engage,ꯌꯥꯁꯤꯟꯅꯕ
in,ꯏꯟ ꯲꯰꯲꯰ꯗꯥ ꯑꯥꯏ.ꯑꯦꯟ.
any,ꯑꯃ ꯍꯦꯛꯇ
new,ꯑꯅꯧꯕ
activities,ꯊꯕꯛ ꯊꯧꯔꯡꯁꯤꯡ
because,ꯃꯔꯝꯗꯤ
they,ꯃꯈꯣꯏ
may,ꯑꯣꯏꯕ ꯌꯥꯏ
prove,ꯎꯠꯄ
embarrassing,ꯏꯀꯥꯏꯅꯤꯡꯉꯥꯏ ꯑꯣꯏꯕ
Epidemiology,ꯏꯄꯤꯗꯦꯃꯤꯑꯣꯂꯣꯖꯤ .
Men=women,ꯅꯨꯄꯥ=ꯅꯨꯄꯤ
Prevalence:,ꯄ꯭ꯔꯤꯚꯦꯂꯦꯟꯁ: ꯱.
1%,꯱% ꯑꯃꯁꯨꯡ ꯑꯦꯟ.
in,ꯏꯟ ꯲꯰꯲꯰ꯗꯥ ꯑꯥꯏ.ꯑꯦꯟ.
the,ꯒꯤ ꯃꯇꯨꯡ ꯏꯟꯅꯥ .
general,ꯃꯌꯥꯝꯒꯤ ꯑꯣꯏꯕ
population,ꯃꯤꯁꯤꯡ
&10%,&꯱꯰% ꯑꯃꯁꯨꯡ ꯑꯦꯝ.
psychiatric,ꯁꯥꯏꯀꯤꯌꯥꯠꯔꯤꯛ ꯑꯣꯏꯕꯥ .
clinics,ꯀ꯭ꯂꯤꯅꯤꯀꯁꯤꯡꯗꯥ ꯌꯨ.ꯑꯦꯁ.
Differential,ꯗꯤꯐꯦꯟꯁꯔꯤ ꯑꯣꯏꯕꯥ ꯌꯥꯏ꯫
Diagnosis,ꯗꯥꯏꯑꯦꯒ꯭ꯅꯣꯁꯤꯁ ꯇꯧꯕꯥ
1,꯱.
Social,ꯈꯨꯟꯅꯥꯏ
phobia,ꯐꯣꯕꯤꯌꯥ ꯴.
2,꯲ ꯑꯃꯁꯨꯡ ꯲.
Depression,ꯋꯥꯈꯜ ꯑꯋꯥꯕ ꯈꯟꯖꯤꯟꯕ
(may,(ꯑꯣꯏꯕ ꯌꯥꯏ
coexist),ꯀꯣ-ꯑꯦꯛꯁꯤꯁ꯭ꯠ ꯇꯧꯕꯥ)꯫
3,꯳ ꯑꯃꯁꯨꯡ ꯳.
Dependent,ꯗꯤꯄꯦꯟꯗꯦꯟꯇ ꯑꯣꯏꯕꯥ .
personality,ꯃꯤꯑꯣꯏ ꯑꯃꯒꯤ ꯃꯇꯤꯛ ꯃꯒꯨꯟ
Disorder,ꯗꯤꯁꯑꯣꯔꯗꯔ ꯂꯩꯕꯥ꯫
4,꯴ ꯑꯃꯁꯨꯡ ꯴.
Schizoid,ꯁ꯭ꯀꯤꯖꯣꯏꯗ ꯑꯣꯏꯕꯥ ꯌꯥꯏ꯫
personality,ꯃꯤꯑꯣꯏ ꯑꯃꯒꯤ ꯃꯇꯤꯛ ꯃꯒꯨꯟ
Disorder,ꯗꯤꯁꯑꯣꯔꯗꯔ ꯂꯩꯕꯥ꯫
They’re,ꯃꯈꯣꯌ’ꯅꯤ꯫
prone,ꯎꯄꯄ꯭ꯔꯥꯡꯅꯅ ꯍꯤꯞꯄ
to,ꯒꯤ ꯃꯇꯨꯡ ꯏꯟꯅꯥ .
have,ꯂꯩꯕꯥ ꯌꯥꯏ ꯫
social,ꯈꯨꯟꯅꯥꯏ
phobia,ꯐꯣꯕꯤꯌꯥ ꯴.
(may,(ꯑꯣꯏꯕ ꯌꯥꯏ
coexist),ꯀꯣ-ꯑꯦꯛꯁꯤꯁ꯭ꯠ ꯇꯧꯕꯥ)꯫
Defense,ꯗꯤꯐꯦꯟꯁ ꯇꯧꯕꯥ
mechanisms,ꯃꯦꯀꯥꯅꯤꯖꯃꯁꯤꯡ ꯑꯁꯤ ꯑꯦꯝ.ꯑꯦꯁ.ꯑꯦꯝ.ꯏ.
1-­‐ Repression,꯱-‐ ꯔꯤꯞꯔꯦꯁꯟ ꯇꯧꯕꯥ
/,/ / ꯒꯤ ꯃꯇꯨꯡ ꯏꯟꯅꯥ ꯑꯦꯟ.
inhibition,ꯏꯅꯍꯤꯕꯤꯁꯟ ꯇꯧꯕꯥ
2-­‐ Isolation,꯲-‐ ꯑꯥꯏꯁꯣꯂꯦꯁꯟ ꯇꯧꯕꯥ
affect,ꯁꯣꯛꯍꯟꯕ
3-­‐,꯳-‐ .
Avoidance,ꯑꯦꯕꯣꯏꯗꯦꯟꯁ ꯇꯧꯕꯥ
Treatment,ꯂꯥꯏꯌꯦꯡꯕ
Psychological,ꯁꯥꯏꯀꯣꯂꯣꯖꯤꯀꯦꯜ ꯑꯣꯏꯕꯥ .
treatment:,ꯂꯥꯏꯌꯦꯡꯕ:
posting,ꯄꯣꯁ꯭ꯇꯤꯡ ꯇꯧꯕꯥ
self-­‐confidence,ꯃꯁꯥꯅꯥ ꯃꯁꯥꯕꯨ ꯊꯥꯖꯕꯥ ꯊꯝꯕꯥ .
and,ꯑꯃꯁꯨꯡ
self-­‐,ꯁꯦꯜꯐ-‐
"acceptance,","ꯑꯦꯛꯁꯦꯞꯇꯦꯟꯁ, ꯴."
assertiveness,ꯑꯦꯁ꯭ꯄꯤꯔꯦꯁ꯭ꯅꯦꯜ ꯑꯣꯏꯕꯥ .
training,ꯇꯥꯛꯄꯤ ꯇꯝꯕꯤꯕ
social,ꯈꯨꯟꯅꯥꯏ
"skills,","ꯍꯩ ꯁꯤꯡꯕ,"
and,ꯑꯃꯁꯨꯡ
group,ꯀꯥꯡꯂꯨꯞ
therapy,ꯊꯦꯔꯥꯄꯤ ꯇꯧꯕꯥ
Pharmacological,ꯐꯥꯔꯃꯥꯀꯣꯂꯣꯖꯤꯀꯦꯜ ꯑꯣꯏꯕꯥ .
treatment,ꯂꯥꯏꯌꯦꯡꯕ
to,ꯒꯤ ꯃꯇꯨꯡ ꯏꯟꯅꯥ .
manage,ꯁꯦꯟꯅꯕ
anxiety,ꯆꯔꯥꯡꯅꯕ
or,ꯅꯠꯇ꯭ꯔꯒ
depression,ꯋꯥꯈꯜ ꯑꯋꯥꯕ ꯈꯟꯖꯤꯟꯕ
when,ꯀꯔꯝꯕ ꯃꯇꯝꯗ
present,ꯍꯧꯖꯤꯛ
433  Psychiatry  Team,꯴꯳꯳ꯒꯤ ꯁꯥꯏꯀꯤꯌꯥꯠꯔꯤ ꯇꯤꯝ
Personality  Disorders,ꯄꯔꯁꯣꯅꯦꯂꯤꯇꯤ ꯗꯤꯁꯑꯣꯔꯗꯔꯁꯤꯡ .
12,꯱꯲ ꯑꯃꯁꯨꯡ ꯱꯲.
P a g e,ꯄꯤ ꯑꯦ ꯖꯤ ꯏ .
Cluster,ꯃꯄꯩ
C,ꯁꯤ .
Type/,ꯃꯈꯜ/
Comparison,ꯆꯥꯡꯗꯝꯅꯕ
3),꯳) ꯑꯃꯁꯨꯡ ꯑꯦꯟ.
Obsessive,ꯑꯣꯕꯁꯦꯁꯤꯕ ꯑꯣꯏꯕꯥ .
Compulsive,ꯀꯝꯄꯂꯁꯤꯕ ꯑꯣꯏꯕꯥ .
Personality,ꯃꯤꯑꯣꯏ ꯑꯃꯒꯤ ꯃꯇꯤꯛ ꯃꯒꯨꯟ
Disorder,ꯗꯤꯁꯑꯣꯔꯗꯔ ꯂꯩꯕꯥ꯫
(OCPD),(ꯑꯣ.ꯁꯤ.ꯄꯤ.ꯗꯤ.)
”important”,"""ꯃꯔꯨ ꯑꯣꯏꯕ"""
Diagnostic,ꯗꯥꯏꯒ꯭ꯅꯣꯁ꯭ꯇꯤꯛ ꯑꯣꯏꯕꯥ .
Criteria,ꯃꯊꯧ ꯇꯥꯕ ꯍꯤꯔꯝ
A,ꯑꯃ
pervasive,ꯄꯥꯔꯚꯥꯁꯤꯕ ꯑꯣꯏꯕꯥ .
pattern,ꯃꯑꯣꯡ ꯃꯇꯧ
preoccupation,ꯄ꯭ꯔꯤꯑꯣꯛꯌꯨꯄꯦꯁꯟ ꯇꯧꯕꯥ
with,ꯂꯣꯏꯅꯅ
"orderliness,","ꯑꯣꯔꯗꯔ ꯇꯧꯕꯥ ꯌꯥꯕꯥ, ."
"perfectionism,","ꯄꯔꯐꯦꯛꯁꯅꯤꯖꯝ, ."
and,ꯑꯃꯁꯨꯡ
interpersonal,ꯏꯟꯇꯔꯄꯔꯁꯣꯅꯦꯜ ꯑꯣꯏꯕꯥ .
"control,","ꯂꯥꯛꯁꯤꯟꯕ,"
at,ꯑꯦ.ꯇꯤ.
the,ꯒꯤ ꯃꯇꯨꯡ ꯏꯟꯅꯥ .
expense,ꯆꯥꯗꯤꯡ ꯇꯧꯕꯥ
"flexibility,","ꯐ꯭ꯂꯦꯛꯁꯤꯕꯤꯂꯤꯇꯤ ꯂꯩꯕꯥ, ꯴."
"openness,","ꯑꯣꯄꯅꯅꯦꯁ, ꯴."
and,ꯑꯃꯁꯨꯡ
"efficiency,","ꯐꯕꯒꯤ ꯆꯥꯡ,"
as,ꯑꯣꯏꯅ
indicated,ꯇꯥꯀꯄꯥ .
by,ꯗ꯭ꯕꯥꯔꯥ .
≥,≥ ꯒꯤ ꯑꯣꯏꯕꯥ ꯌꯥꯏ꯫
4,꯴ ꯑꯃꯁꯨꯡ ꯴.
8:,꯸: ꯱.
1,꯱.
Excessive,ꯑꯍꯦꯟꯕ ꯃꯇꯧ
preoccupation,ꯄ꯭ꯔꯤꯑꯣꯛꯌꯨꯄꯦꯁꯟ ꯇꯧꯕꯥ
with,ꯂꯣꯏꯅꯅ
"details,","ꯑꯀꯨꯞꯄ ꯃꯔꯣꯜ,"
"organization,","ꯂꯨꯞ,"
or,ꯅꯠꯇ꯭ꯔꯒ
rules,ꯀꯥꯡꯂꯣꯟ
to,ꯒꯤ ꯃꯇꯨꯡ ꯏꯟꯅꯥ .
the,ꯒꯤ ꯃꯇꯨꯡ ꯏꯟꯅꯥ .
extent,ꯀꯔꯤꯒꯨꯝꯕ ꯑꯃꯒꯤ ꯄꯥꯛ ꯆꯥꯎꯕ
that,ꯃꯗꯨ
the,ꯒꯤ ꯃꯇꯨꯡ ꯏꯟꯅꯥ .
major,ꯃꯔꯨ ꯑꯣꯏꯕ
point,ꯈꯨꯠ ꯊꯤꯟꯗꯨꯅ ꯇꯥꯛꯄ
the,ꯒꯤ ꯃꯇꯨꯡ ꯏꯟꯅꯥ .
activity,ꯊꯕꯛ ꯊꯧꯔꯝ
is,ꯑꯁꯤ ꯑꯥꯏ.ꯑꯦꯁ.
lost,ꯃꯥꯡꯕ
2,꯲ ꯑꯃꯁꯨꯡ ꯲.
Excessive,ꯑꯍꯦꯟꯕ ꯃꯇꯧ
perfectionism,ꯄꯔꯐꯦꯛꯁꯅꯤꯖꯝ ꯴.
that,ꯃꯗꯨ
interferes,ꯏꯟꯇꯔꯐꯦꯔꯦꯁ ꯇꯧꯕꯥ
with,ꯂꯣꯏꯅꯅ
task,ꯊꯕꯛ
completion,ꯃꯄꯨꯡ ꯐꯥꯅꯥ ꯄꯥꯡꯊꯣꯀꯄꯥ .
3,꯳ ꯑꯃꯁꯨꯡ ꯳.
Excessive,ꯑꯍꯦꯟꯕ ꯃꯇꯧ
devotion,ꯚꯛꯇꯤ .
to,ꯒꯤ ꯃꯇꯨꯡ ꯏꯟꯅꯥ .
work,ꯊꯕꯛ
and,ꯑꯃꯁꯨꯡ
productivity,ꯄ꯭ꯔꯗꯛꯇꯤꯕꯤꯇꯤꯒꯤ ꯃꯇꯥꯡꯗꯥ ꯑꯦꯟ.ꯗꯤ.ꯑꯦ.
to,ꯒꯤ ꯃꯇꯨꯡ ꯏꯟꯅꯥ .
the,ꯒꯤ ꯃꯇꯨꯡ ꯏꯟꯅꯥ .
exclusion,ꯌꯥꯑꯣꯗꯕꯥ .
leisure,ꯑꯍꯥꯡꯕ ꯃꯇꯝ
activities,ꯊꯕꯛ ꯊꯧꯔꯡꯁꯤꯡ
and,ꯑꯃꯁꯨꯡ
friendships,ꯃꯔꯨꯞ-ꯃꯄꯥꯡ ꯑꯣꯏꯕꯥ .
4,꯴ ꯑꯃꯁꯨꯡ ꯴.
Inflexibility,ꯏꯅꯐ꯭ꯂꯦꯛꯁꯤꯕꯤꯂꯤꯇꯤ ꯂꯩꯕꯥ .
and,ꯑꯃꯁꯨꯡ
scrupulousness,ꯁ꯭ꯛꯔꯨꯄꯂꯁ ꯑꯣꯏꯕꯥ .
about,ꯃꯔꯝꯗꯤ
matters,ꯋꯥꯐꯃꯁꯤꯡ ꯑꯁꯤ .
"morality,","ꯃꯣꯔꯂꯤꯇꯤ, ꯳."
"health,","ꯍꯛꯁꯦꯜ,"
"ethics,","ꯍꯧꯅ ꯂꯣꯟꯆꯠꯁꯤꯡ,"
or,ꯅꯠꯇ꯭ꯔꯒ
values,ꯚꯦꯜꯌꯨꯁꯤꯡ ꯑꯁꯤ .
5,꯵ ꯑꯃꯁꯨꯡ ꯵.
Inability,ꯇꯧꯕꯥ ꯉꯃꯗꯕꯥ .
to,ꯒꯤ ꯃꯇꯨꯡ ꯏꯟꯅꯥ .
discard,ꯍꯨꯟꯗꯣꯛꯄ
worthless,ꯃꯃꯜ ꯂꯩꯇꯕꯥ .
or,ꯅꯠꯇ꯭ꯔꯒ
worn-­‐out,ꯋꯥꯔꯟ--ꯑꯥꯎꯠ ꯇꯧꯕꯥ
objects,ꯄꯣꯠꯁꯀꯁꯤꯡ ꯑꯁꯤ .
even,ꯇꯨꯃꯥ ꯁꯨꯕ
when,ꯀꯔꯝꯕ ꯃꯇꯝꯗ
they,ꯃꯈꯣꯏ
have,ꯂꯩꯕꯥ ꯌꯥꯏ ꯫
no,ꯅꯠꯇꯦ
sentimental,ꯁꯦꯟꯇꯤꯃꯦꯟꯇꯜ ꯑꯣꯏꯕꯥ .
value,ꯃꯝꯜ
6,꯶ ꯑꯃꯁꯨꯡ ꯶.
Reluctance,ꯔꯤꯂꯨꯛꯇꯦꯟꯁ ꯇꯧꯕꯥ
to,ꯒꯤ ꯃꯇꯨꯡ ꯏꯟꯅꯥ .
delegate,ꯗꯦꯂꯤꯒꯦꯠ ꯴.
tasks,ꯊꯕꯀꯁꯤꯡ ꯑꯁꯤ .
or,ꯅꯠꯇ꯭ꯔꯒ
to,ꯒꯤ ꯃꯇꯨꯡ ꯏꯟꯅꯥ .
work,ꯊꯕꯛ
with,ꯂꯣꯏꯅꯅ
others,ꯑꯇꯣꯞꯄꯁꯤꯡꯅꯥ ꯑꯦꯝ.ꯑꯦꯁ.ꯑꯦꯝ.ꯏ.
unless,ꯑꯣꯏꯗꯔꯤꯕ ꯐꯥꯎꯕ
they,ꯃꯈꯣꯏ
submit,ꯊꯥꯖꯤꯟꯕ
to,ꯒꯤ ꯃꯇꯨꯡ ꯏꯟꯅꯥ .
exactly,ꯆꯞ ꯆꯥꯅ
his/her,ꯃꯍꯥꯛꯀꯤ/ꯃꯍꯥꯛꯀꯤ .
way,ꯂꯝꯕꯤ
doing,ꯇꯧꯔꯤ
things,ꯄꯣꯠꯂꯝꯁꯤꯡ
7,꯷ ꯑꯃꯁꯨꯡ ꯷.
Adoption,ꯑꯦꯗꯣꯄꯁꯟ ꯇꯧꯕꯥ
a,ꯑꯃ
miserly,ꯃꯤꯁꯦꯔꯂꯤ .
spending,ꯆꯥꯗꯤꯡ ꯇꯧꯕꯥ
style,ꯃꯑꯣꯡ
toward,ꯃꯥꯏꯀꯩꯔꯣꯝꯗ
both,ꯑꯅꯤꯃꯛ
self,ꯝꯁꯥꯒꯤ
and,ꯑꯃꯁꯨꯡ
others;,ꯑꯇꯣꯞꯄꯁꯤꯡ;
money,ꯁꯦꯜ
is,ꯑꯁꯤ ꯑꯥꯏ.ꯑꯦꯁ.
viewed,ꯌꯦꯡꯈꯤꯕꯥ
as,ꯑꯣꯏꯅ
something,ꯀꯔꯤꯒꯨꯝꯕ ꯑꯃ
to,ꯒꯤ ꯃꯇꯨꯡ ꯏꯟꯅꯥ .
be,ꯑꯣꯏꯌꯨ .
hoarded,ꯍꯨꯔꯥꯅꯈꯤꯕꯥ .
for,ꯒꯤꯗꯃꯛ ꯑꯦꯟ.ꯗꯤ.ꯑꯦ.
future,ꯇꯨꯡꯂꯝꯆꯠ
catastrophic,ꯀꯦꯇꯥꯁ꯭ꯠꯔꯣꯐꯤꯛ ꯑꯣꯏꯕꯥ ꯌꯥꯏ꯫
8,꯸ ꯑꯃꯁꯨꯡ ꯸.
Rigidity,ꯔꯤꯖꯤꯗꯤꯇꯤ ꯂꯩꯕꯥ .
and,ꯑꯃꯁꯨꯡ
stubbornness,ꯑꯀꯅꯕꯥ ꯋꯥꯐꯝ ꯑꯃꯥ
Unlike,ꯑꯅꯂꯥꯏꯛ .
Obsessive,ꯑꯣꯕꯁꯦꯁꯤꯕ ꯑꯣꯏꯕꯥ .
Compulsive,ꯀꯝꯄꯂꯁꯤꯕ ꯑꯣꯏꯕꯥ .
Disorder,ꯗꯤꯁꯑꯣꯔꯗꯔ ꯂꯩꯕꯥ꯫
"(OCD),","(ꯑꯣ.ꯁꯤ.ꯗꯤ.), ꯳."
OCPD,ꯑꯣ.ꯁꯤ.ꯄꯤ.ꯗꯤ.
don’t,ꯇꯧꯅꯨ
repeat,ꯍꯟꯖꯤꯟꯕ
things,ꯄꯣꯠꯂꯝꯁꯤꯡ
as,ꯑꯣꯏꯅ
"compulsions,","ꯀꯝꯄꯂꯁꯅꯁꯤꯡ, ."
they,ꯃꯈꯣꯏ
desire,ꯑꯄꯥꯝꯕ
repeating,ꯍꯟꯖꯤꯟ ꯍꯟꯖꯤꯟ ꯇꯧꯕꯥ
it,ꯃꯁꯤ
They,ꯃꯈꯣꯏ
can’t,ꯉꯝꯂꯣꯏ
go,ꯆꯠꯂꯨ
from,ꯗꯒꯤ
one,ꯑꯃ
task,ꯊꯕꯛ
to,ꯒꯤ ꯃꯇꯨꯡ ꯏꯟꯅꯥ .
the,ꯒꯤ ꯃꯇꯨꯡ ꯏꯟꯅꯥ .
other,ꯑꯇꯣꯞꯄ
They’re,ꯃꯈꯣꯌ’ꯅꯤ꯫
prone,ꯎꯄꯄ꯭ꯔꯥꯡꯅꯅ ꯍꯤꯞꯄ
to,ꯒꯤ ꯃꯇꯨꯡ ꯏꯟꯅꯥ .
depression,ꯋꯥꯈꯜ ꯑꯋꯥꯕ ꯈꯟꯖꯤꯟꯕ
and,ꯑꯃꯁꯨꯡ
OCD,ꯑꯣ.ꯁꯤ.ꯗꯤ.
Epidemiology,ꯏꯄꯤꯗꯦꯃꯤꯑꯣꯂꯣꯖꯤ .
The,ꯒꯤ ꯃꯇꯨꯡ ꯏꯟꯅꯥ .
prevalence,ꯄ꯭ꯔꯤꯚꯦꯂꯦꯟꯁ ꯑꯣꯏꯕꯥ ꯌꯥꯏ꯫
in,ꯏꯟ ꯲꯰꯲꯰ꯗꯥ ꯑꯥꯏ.ꯑꯦꯟ.
the,ꯒꯤ ꯃꯇꯨꯡ ꯏꯟꯅꯥ .
general,ꯃꯌꯥꯝꯒꯤ ꯑꯣꯏꯕ
population,ꯃꯤꯁꯤꯡ
is,ꯑꯁꯤ ꯑꯥꯏ.ꯑꯦꯁ.
1,꯱.
%,% ꯑꯃꯁꯨꯡ ꯑꯦꯝ.
Men,ꯅꯨꯄꯥꯁꯤꯡꯅꯥ .
women,ꯅꯨꯄꯤ
(2:1),(꯲:꯱) ꯑꯃꯁꯨꯡ ꯑꯦꯟ.
OCPD,ꯑꯣ.ꯁꯤ.ꯄꯤ.ꯗꯤ.
is,ꯑꯁꯤ ꯑꯥꯏ.ꯑꯦꯁ.
found,ꯐꯪꯂꯦ
more,ꯑꯍꯦꯟꯕ
frequently,ꯌꯥꯝꯅ ꯇꯣꯏꯅ
within,ꯀꯔꯒꯨꯝꯕꯒꯤ ꯃꯅꯨꯡꯗ
professions,ꯄ꯭ꯔꯣꯐꯦꯁꯅꯦꯂꯁꯤꯡ .
requiring,ꯃꯊꯧ ꯇꯥꯕꯥ
strict,ꯑꯍꯛꯄ
dedication,ꯀꯠꯊꯣꯛꯞ
to,ꯒꯤ ꯃꯇꯨꯡ ꯏꯟꯅꯥ .
duty,ꯊꯧꯗꯥꯡ
and,ꯑꯃꯁꯨꯡ
meticulous,ꯃꯦꯇꯤꯀꯨꯂꯁ ꯑꯣꯏꯕꯥ .
attention,ꯄꯨꯛꯅꯤꯡ ꯆꯤꯡꯁꯤꯟꯕ
to,ꯒꯤ ꯃꯇꯨꯡ ꯏꯟꯅꯥ .
details,ꯑꯀꯨꯞꯄ ꯃꯔꯣꯜ
Differential,ꯗꯤꯐꯦꯟꯁꯔꯤ ꯑꯣꯏꯕꯥ ꯌꯥꯏ꯫
Diagnosis,ꯗꯥꯏꯑꯦꯒ꯭ꯅꯣꯁꯤꯁ ꯇꯧꯕꯥ
1-­‐Obsessive-­‐compulsive,꯱-‐ꯑꯣꯕꯁꯦꯁꯤꯕ--ꯀꯝꯄꯂꯁꯤꯕ
disorder,ꯗꯤꯁꯑꯣꯔꯗꯔ ꯂꯩꯕꯥ꯫
(OCD):,(ꯑꯣ.ꯁꯤ.ꯗꯤ.): ꯱.
although,ꯃꯗꯨ ꯑꯣꯏꯔꯕꯁꯨ
OCPD,ꯑꯣ.ꯁꯤ.ꯄꯤ.ꯗꯤ.
and,ꯑꯃꯁꯨꯡ
OCD,ꯑꯣ.ꯁꯤ.ꯗꯤ.
have,ꯂꯩꯕꯥ ꯌꯥꯏ ꯫
similar,ꯃꯥꯟꯅꯕ
"names,","ꯃꯤꯡ, ꯴."
the,ꯒꯤ ꯃꯇꯨꯡ ꯏꯟꯅꯥ .
clinical,ꯀ꯭ꯂꯤꯅꯤꯀꯦꯜ ꯑꯣꯏꯕꯥ ꯃꯑꯣꯡꯗꯥ ꯑꯦꯟ.ꯗꯤ.ꯑꯦ.
manifestations,ꯃꯁꯛ ꯇꯥꯀꯄꯥ .
these,ꯃꯌꯥꯝ ꯑꯁꯤ
disorders,ꯗꯤꯁꯑꯣꯔꯗꯔꯁꯤꯡ ꯑꯁꯤ .
are,ꯑꯁꯤ .
quite,ꯃꯄꯨꯡ ꯐꯥꯕ
different;,ꯈꯦꯟꯅꯕ;
OCPD,ꯑꯣ.ꯁꯤ.ꯄꯤ.ꯗꯤ.
is,ꯑꯁꯤ ꯑꯥꯏ.ꯑꯦꯁ.
not,ꯅꯠꯇꯕ
characterized,ꯃꯁꯛ ꯇꯥꯀꯄꯥ .
by,ꯗ꯭ꯕꯥꯔꯥ .
the,ꯒꯤ ꯃꯇꯨꯡ ꯏꯟꯅꯥ .
presence,ꯂꯩꯗꯨꯅ
obsessions,ꯑꯣꯕꯁꯦꯁꯅꯁꯤꯡ .
or,ꯅꯠꯇ꯭ꯔꯒ
compulsions,ꯀꯝꯄꯂꯁꯅꯁꯤꯡꯒꯤ ꯃꯇꯥꯡꯗꯥ ꯋꯥꯐꯝ ꯀꯌꯥ ꯊꯃꯈꯤ꯫
and,ꯑꯃꯁꯨꯡ
instead,ꯃꯍꯨꯠ
involves,ꯌꯥꯑꯣꯔꯤꯕꯁꯤꯡ ꯑꯁꯤ .
pervasive,ꯄꯥꯔꯚꯥꯁꯤꯕ ꯑꯣꯏꯕꯥ .
pattern,ꯃꯑꯣꯡ ꯃꯇꯧ
preoccupation,ꯄ꯭ꯔꯤꯑꯣꯛꯌꯨꯄꯦꯁꯟ ꯇꯧꯕꯥ
with,ꯂꯣꯏꯅꯅ
"orderliness,","ꯑꯣꯔꯗꯔ ꯇꯧꯕꯥ ꯌꯥꯕꯥ, ."
"perfectionism,","ꯄꯔꯐꯦꯛꯁꯅꯤꯖꯝ, ."
and,ꯑꯃꯁꯨꯡ
control,ꯂꯥꯛꯁꯤꯟꯕ
and,ꯑꯃꯁꯨꯡ
must,ꯁꯣꯏꯗꯅ ꯑꯣꯏꯒꯗꯕ
begin,ꯍꯧꯕ
by,ꯗ꯭ꯕꯥꯔꯥ .
early,ꯉꯟꯅ
adulthood,ꯑꯦꯗꯜꯇ ꯑꯣꯏꯕꯥ
The,ꯒꯤ ꯃꯇꯨꯡ ꯏꯟꯅꯥ .
most,ꯑꯌꯥꯝꯕ
difficult,ꯑꯔꯨꯕ
distinction,ꯈꯦꯟꯅꯕꯥ ꯊꯃꯕꯥ
is,ꯑꯁꯤ ꯑꯥꯏ.ꯑꯦꯁ.
between,ꯃꯔꯛꯇ
some,ꯈꯔ
obsessive-­‐,ꯑꯣꯕꯁꯦꯁꯤꯕ-‐ .
compulsive,ꯀꯝꯄꯂꯁꯤꯕ ꯑꯣꯏꯕꯥ .
traits,ꯃꯤ ꯑꯃꯒꯤ ꯆꯦꯟꯕ ꯃꯒꯨꯟ
and,ꯑꯃꯁꯨꯡ
OCPD,ꯑꯣ.ꯁꯤ.ꯄꯤ.ꯗꯤ.
The,ꯒꯤ ꯃꯇꯨꯡ ꯏꯟꯅꯥ .
diagnosis,ꯗꯥꯏꯑꯦꯒ꯭ꯅꯣꯁꯤꯁ ꯇꯧꯕꯥ
personality,ꯃꯤꯑꯣꯏ ꯑꯃꯒꯤ ꯃꯇꯤꯛ ꯃꯒꯨꯟ
disorder,ꯗꯤꯁꯑꯣꯔꯗꯔ ꯂꯩꯕꯥ꯫
is,ꯑꯁꯤ ꯑꯥꯏ.ꯑꯦꯁ.
reserved,ꯔꯤꯖꯔꯚ ꯇꯧꯔꯕꯥ ꯌꯨ.ꯑꯦꯁ.
for,ꯒꯤꯗꯃꯛ ꯑꯦꯟ.ꯗꯤ.ꯑꯦ.
those,ꯃꯈꯣꯏꯁꯤꯡ
with,ꯂꯣꯏꯅꯅ
significant,ꯃꯁꯛ ꯊꯣꯛꯄ
functioning,ꯐꯉ꯭ꯀꯁꯟ ꯇꯧꯕꯥ
impairments,ꯏꯝꯄꯥꯌꯔꯃꯦꯟꯇꯁꯤꯡ .
Comorbidity,ꯀꯣꯃꯣꯔꯕꯤꯗꯤꯇꯤ .
is,ꯑꯁꯤ ꯑꯥꯏ.ꯑꯦꯁ.
common,ꯃꯥꯟꯅꯅ ꯑꯣꯏꯒꯟꯕ
If,ꯀꯔꯤꯒꯨꯝꯕ
an,ꯑꯃ
individual,ꯃꯤꯑꯣꯏ ꯑꯃꯃꯝ
manifests,ꯃꯦꯅꯤꯐꯦꯁ꯭ꯇꯁꯤꯡ .
symptoms,ꯂꯥꯏꯑꯣꯡ
both,ꯑꯅꯤꯃꯛ
OCPD,ꯑꯣ.ꯁꯤ.ꯄꯤ.ꯗꯤ.
and,ꯑꯃꯁꯨꯡ
"OCD,","ꯑꯣ.ꯁꯤ.ꯗꯤ., ꯑꯃꯁꯨꯡ ꯑꯦꯝ."
both,ꯑꯅꯤꯃꯛ
can,ꯉꯝꯕ
be,ꯑꯣꯏꯌꯨ .
given,ꯄꯤꯈ꯭ꯔꯕ
Axis,ꯑꯦꯛꯁꯤꯁ ꯴.
I;,ꯑꯩ;
OCD,ꯑꯣ.ꯁꯤ.ꯗꯤ.
Axis,ꯑꯦꯛꯁꯤꯁ ꯴.
OCPD,ꯑꯣ.ꯁꯤ.ꯄꯤ.ꯗꯤ.
2-­‐Narcissistic,꯲-‐ꯅꯥꯔꯁꯤꯁꯤꯁ꯭ꯇꯤꯛ ꯑꯣꯏꯕꯥ .
personality,ꯃꯤꯑꯣꯏ ꯑꯃꯒꯤ ꯃꯇꯤꯛ ꯃꯒꯨꯟ
disorder,ꯗꯤꯁꯑꯣꯔꯗꯔ ꯂꯩꯕꯥ꯫
patient,ꯈꯥꯡꯕ ꯀꯟꯕ
seeks,ꯊꯤꯕꯥ .
perfectionism,ꯄꯔꯐꯦꯛꯁꯅꯤꯖꯝ ꯴.
motivated,ꯃꯣꯇꯤꯕꯦꯠ ꯇꯧꯕꯥ .
by,ꯗ꯭ꯕꯥꯔꯥ .
status,ꯊꯥꯛ
and,ꯑꯃꯁꯨꯡ
more,ꯑꯍꯦꯟꯕ
likely,ꯑꯣꯏꯕ ꯌꯥꯕ
to,ꯒꯤ ꯃꯇꯨꯡ ꯏꯟꯅꯥ .
believe,ꯊꯥꯖꯕ
that,ꯃꯗꯨ
he,ꯃꯍꯥꯛ
has,ꯂꯩꯕꯥ .
achieved,ꯑꯦꯆꯤꯕꯃꯦꯟꯇ ꯇꯧꯕꯥ
"it,","ꯃꯁꯤ,"
whereas,ꯑꯗꯨꯝ ꯑꯣꯏꯅꯃꯛ
OCPD,ꯑꯣ.ꯁꯤ.ꯄꯤ.ꯗꯤ.
patient,ꯈꯥꯡꯕ ꯀꯟꯕ
is,ꯑꯁꯤ ꯑꯥꯏ.ꯑꯦꯁ.
motivated,ꯃꯣꯇꯤꯕꯦꯠ ꯇꯧꯕꯥ .
by,ꯗ꯭ꯕꯥꯔꯥ .
the,ꯒꯤ ꯃꯇꯨꯡ ꯏꯟꯅꯥ .
work,ꯊꯕꯛ
itself,ꯃꯁꯥꯃꯛ .
and,ꯑꯃꯁꯨꯡ
more,ꯑꯍꯦꯟꯕ
likely,ꯑꯣꯏꯕ ꯌꯥꯕ
to,ꯒꯤ ꯃꯇꯨꯡ ꯏꯟꯅꯥ .
believe,ꯊꯥꯖꯕ
that,ꯃꯗꯨ
he,ꯃꯍꯥꯛ
has,ꯂꯩꯕꯥ .
not,ꯅꯠꯇꯕ
achieved,ꯑꯦꯆꯤꯕꯃꯦꯟꯇ ꯇꯧꯕꯥ
perfectionism,ꯄꯔꯐꯦꯛꯁꯅꯤꯖꯝ ꯴.
Defense,ꯗꯤꯐꯦꯟꯁ ꯇꯧꯕꯥ
mechanisms,ꯃꯦꯀꯥꯅꯤꯖꯃꯁꯤꯡ ꯑꯁꯤ ꯑꯦꯝ.ꯑꯦꯁ.ꯑꯦꯝ.ꯏ.
1,꯱.
Isolation,ꯑꯥꯏꯁꯣꯂꯦꯁꯟ ꯇꯧꯕꯥ
affect,ꯁꯣꯛꯍꯟꯕ
2,꯲ ꯑꯃꯁꯨꯡ ꯲.
Displacement,ꯗꯤꯁꯞꯂꯦꯁꯃꯦꯟꯇ ꯇꯧꯕꯥ
3,꯳ ꯑꯃꯁꯨꯡ ꯳.
Reaction,ꯀꯔꯤꯒꯨꯝꯕ ꯑꯃꯒꯤ ꯄꯥꯎꯈꯨꯝ
Formation,ꯐꯣꯔꯃꯦꯁꯟ ꯇꯧꯕꯥ .
4,꯴ ꯑꯃꯁꯨꯡ ꯴.
Undoing,ꯑꯟꯗꯣ ꯇꯧꯕꯥ .
Treatment,ꯂꯥꯏꯌꯦꯡꯕ
Psychological:,ꯁꯥꯏꯀꯣꯂꯣꯖꯤꯀꯦꯜ ꯑꯣꯏꯕꯥ:
supportive,ꯁꯄꯣꯔꯇꯤꯕ ꯑꯣꯏꯕꯥ .
and,ꯑꯃꯁꯨꯡ
directive,ꯗꯥꯏꯔꯦꯛꯇꯣꯔꯤꯗꯥ ꯂꯩꯕꯥ ꯌꯨ.ꯑꯦꯁ.
individual,ꯃꯤꯑꯣꯏ ꯑꯃꯃꯝ
or,ꯅꯠꯇ꯭ꯔꯒ
group,ꯀꯥꯡꯂꯨꯞ
therapy,ꯊꯦꯔꯥꯄꯤ ꯇꯧꯕꯥ
Pharmacological:,ꯐꯥꯔꯃꯥꯀꯣꯂꯣꯖꯤꯀꯦꯜ ꯑꯣꯏꯕꯥ:
clomipramine,ꯀ꯭ꯂꯣꯃꯤꯞꯔꯥꯃꯥꯏꯟ ꯇꯧꯕꯥ ꯌꯥꯏ꯫
or,ꯅꯠꯇ꯭ꯔꯒ
any,ꯑꯃ ꯍꯦꯛꯇ
SSRI,ꯑꯦꯁ.ꯑꯦꯁ.ꯑꯥꯔ.ꯑꯥꯏ.
have,ꯂꯩꯕꯥ ꯌꯥꯏ ꯫
been,ꯕꯤꯟ ꯇꯧꯕꯥ ꯌꯥꯏ꯫
found,ꯐꯪꯂꯦ
useful,ꯀꯥꯟꯅꯕ
Psychotherapy),ꯁꯥꯏꯀꯣꯊꯦꯔꯥꯄꯤ)
Course,ꯂꯝꯕꯤ
and,ꯑꯃꯁꯨꯡ
Prognosis,ꯄ꯭ꯔꯣꯒ꯭ꯅꯣꯁꯤꯁ (prognosis) .
OCPD,ꯑꯣ.ꯁꯤ.ꯄꯤ.ꯗꯤ.
patients,ꯄꯦꯁꯦꯟꯇꯁꯤꯡꯅꯥ ꯑꯦꯟ.ꯗꯤ.ꯑꯦ.
may,ꯑꯣꯏꯕ ꯌꯥꯏ
flourish,ꯐ꯭ꯂꯣꯔꯤꯁ ꯑꯣꯏꯕꯥ ꯌꯥꯏ꯫
in,ꯏꯟ ꯲꯰꯲꯰ꯗꯥ ꯑꯥꯏ.ꯑꯦꯟ.
professions,ꯄ꯭ꯔꯣꯐꯦꯁꯅꯦꯂꯁꯤꯡ .
demanding,ꯌꯥꯊꯪ ꯌꯥꯝꯅ ꯄꯤꯒꯟꯕ
devotion,ꯚꯛꯇꯤ .
to,ꯒꯤ ꯃꯇꯨꯡ ꯏꯟꯅꯥ .
"work,","ꯊꯕꯛ,"
meticulous,ꯃꯦꯇꯤꯀꯨꯂꯁ ꯑꯣꯏꯕꯥ .
attention,ꯄꯨꯛꯅꯤꯡ ꯆꯤꯡꯁꯤꯟꯕ
to,ꯒꯤ ꯃꯇꯨꯡ ꯏꯟꯅꯥ .
"details,","ꯑꯀꯨꯞꯄ ꯃꯔꯣꯜ,"
and,ꯑꯃꯁꯨꯡ
"productivity,","ꯄ꯭ꯔꯗꯛꯇꯤꯕꯤꯇꯤ, ꯑꯃꯁꯨꯡ ꯑꯦꯝ.ꯑꯣ.ꯌꯨ."
but,ꯑꯗꯨꯕꯨ
they,ꯃꯈꯣꯏ
are,ꯑꯁꯤ .
vulnerable,ꯈꯨꯗꯣꯡꯊꯤꯕ ꯅꯪꯒꯟꯕ
to,ꯒꯤ ꯃꯇꯨꯡ ꯏꯟꯅꯥ .
depressive,ꯗꯤꯞꯔꯦꯁꯟ ꯇꯧꯕꯥ ꯌꯥꯏ꯫
disorders,ꯗꯤꯁꯑꯣꯔꯗꯔꯁꯤꯡ ꯑꯁꯤ .
&,ꯑꯃꯁꯨꯡ ꯑꯃꯁꯨꯡ ꯑꯦꯟ.